datetime,close
2004-12-30,1.0000
2004-12-31,0.9960
2005-01-07,0.9810
2005-01-14,0.9830
2005-01-21,0.9880
2005-01-28,0.9760
2005-02-04,0.8730
2005-02-18,0.8560
2005-02-21,0.8740
2005-02-22,0.8870
2005-02-23,0.8780
2005-02-24,0.8770
2005-02-25,0.8780
2005-02-28,0.8690
2005-03-01,0.8660
2005-03-02,0.8560
2005-03-03,0.8620
2005-03-04,0.8590
2005-03-07,0.8640
2005-03-08,0.8760
2005-03-09,0.8690
2005-03-10,0.8510
2005-03-11,0.8540
2005-03-14,0.8570
2005-03-15,0.8410
2005-03-16,0.8330
2005-03-17,0.8270
2005-03-18,0.8210
2005-03-21,0.8230
2005-03-22,0.8080
2005-03-23,0.8020
2005-03-24,0.8080
2005-03-25,0.8070
2005-03-28,0.8060
2005-03-29,0.8030
2005-03-30,0.7910
2005-03-31,0.7960
2005-04-01,0.8230
2005-04-04,0.8090
2005-04-05,0.8020
2005-04-06,0.8170
2005-04-07,0.8250
2005-04-08,0.8380
2005-04-11,0.8310
2005-04-12,0.8190
2005-04-13,0.8360
2005-04-14,0.8260
2005-04-15,0.8170
2005-04-18,0.8060
2005-04-19,0.8090
2005-04-20,0.7990
2005-04-21,0.7940
2005-04-22,0.7950
2005-04-25,0.7910
2005-04-26,0.7990
2005-04-27,0.7850
2005-04-28,0.7950
2005-04-29,0.7920
2005-05-09,0.7770
2005-05-10,0.7810
2005-05-11,0.7730
2005-05-12,0.7560
2005-05-13,0.7590
2005-05-16,0.7500
2005-05-17,0.7530
2005-05-18,0.7550
2005-05-19,0.7570
2005-05-20,0.7550
2005-05-23,0.7420
2005-05-24,0.7420
2005-05-25,0.7430
2005-05-26,0.7340
2005-05-27,0.7290
2005-05-30,0.7340
2005-05-31,0.7360
2005-06-01,0.7240
2005-06-02,0.7070
2005-06-03,0.7060
2005-06-06,0.7230
2005-06-07,0.7200
2005-06-08,0.7780
2005-06-09,0.7840
2005-06-10,0.7730
2005-06-13,0.7690
2005-06-14,0.7640
2005-06-15,0.7550
2005-06-16,0.7670
2005-06-17,0.7710
2005-06-20,0.7900
2005-06-21,0.7800
2005-06-22,0.7850
2005-06-23,0.7790
2005-06-24,0.7840
2005-06-27,0.7940
2005-06-28,0.7880
2005-06-29,0.7850
2005-06-30,0.7730
2005-07-01,0.7620
2005-07-04,0.7610
2005-07-05,0.7550
2005-07-06,0.7490
2005-07-07,0.7500
2005-07-08,0.7420
2005-07-11,0.7410
2005-07-12,0.7680
2005-07-13,0.7630
2005-07-14,0.7690
2005-07-15,0.7640
2005-07-18,0.7630
2005-07-19,0.7630
2005-07-20,0.7700
2005-07-21,0.7730
2005-07-22,0.7850
2005-07-25,0.7810
2005-07-26,0.7970
2005-07-27,0.8090
2005-07-28,0.8070
2005-07-29,0.8050
2005-08-01,0.8070
2005-08-02,0.8140
2005-08-03,0.8140
2005-08-04,0.8120
2005-08-05,0.8290
2005-08-08,0.8290
2005-08-09,0.8310
2005-08-10,0.8390
2005-08-11,0.8490
2005-08-12,0.8390
2005-08-15,0.8540
2005-08-16,0.8420
2005-08-17,0.8480
2005-08-18,0.8300
2005-08-19,0.8330
2005-08-22,0.8400
2005-08-23,0.8350
2005-08-24,0.8420
2005-08-25,0.8400
2005-08-26,0.8390
2005-08-29,0.8280
2005-08-30,0.8250
2005-08-31,0.8330
2005-09-01,0.8440
2005-09-02,0.8460
2005-09-05,0.8460
2005-09-06,0.8320
2005-09-07,0.8410
2005-09-08,0.8430
2005-09-09,0.8400
2005-09-12,0.8380
2005-09-13,0.8460
2005-09-14,0.8500
2005-09-15,0.8500
2005-09-16,0.8470
2005-09-19,0.8480
2005-09-20,0.8430
2005-09-21,0.8270
2005-09-22,0.8130
2005-09-23,0.8090
2005-09-26,0.8100
2005-09-27,0.7980
2005-09-28,0.7990
2005-09-29,0.8080
2005-09-30,0.8090
2005-10-10,0.8030
2005-10-11,0.8120
2005-10-12,0.8110
2005-10-13,0.8040
2005-10-14,0.7930
2005-10-17,0.7850
2005-10-18,0.7870
2005-10-19,0.7850
2005-10-20,0.7890
2005-10-21,0.7900
2005-10-24,0.7860
2005-10-25,0.7800
2005-10-26,0.7610
2005-10-27,0.7640
2005-10-28,0.7630
2005-10-31,0.7730
2005-11-01,0.7700
2005-11-02,0.7760
2005-11-03,0.7690
2005-11-04,0.7720
2005-11-07,0.7670
2005-11-08,0.7720
2005-11-09,0.7690
2005-11-10,0.7590
2005-11-11,0.7600
2005-11-14,0.7560
2005-11-15,0.7520
2005-11-16,0.7570
2005-11-17,0.7570
2005-11-18,0.7740
2005-11-21,0.7720
2005-11-22,0.7600
2005-11-23,0.7690
2005-11-24,0.7770
2005-11-25,0.7830
2005-11-28,0.7790
2005-11-29,0.7710
2005-11-30,0.7760
2005-12-01,0.7750
2005-12-02,0.7730
2005-12-05,0.7670
2005-12-06,0.7760
2005-12-07,0.7840
2005-12-08,0.7820
2005-12-09,0.7940
2005-12-12,0.7910
2005-12-13,0.7900
2005-12-14,0.7950
2005-12-15,0.7950
2005-12-16,0.7990
2005-12-19,0.7980
2005-12-20,0.8040
2005-12-21,0.8010
2005-12-22,0.8050
2005-12-23,0.8090
2005-12-26,0.8140
2005-12-27,0.8100
2005-12-28,0.8110
2005-12-29,0.8200
2005-12-30,0.8140
2005-12-31,0.8140
2006-01-04,0.8310
2006-01-05,0.8460
2006-01-06,0.8550
2006-01-09,0.8560
2006-01-10,0.8560
2006-01-11,0.8500
2006-01-12,0.8540
2006-01-13,0.8490
2006-01-16,0.8330
2006-01-17,0.8360
2006-01-18,0.8530
2006-01-19,0.8590
2006-01-20,0.8580
2006-01-23,0.8580
2006-01-24,0.8560
2006-01-25,0.8650
2006-02-06,0.8790
2006-02-07,0.8740
2006-02-08,0.8800
2006-02-09,0.8690
2006-02-10,0.8770
2006-02-13,0.8760
2006-02-14,0.8790
2006-02-15,0.8850
2006-02-16,0.8730
2006-02-17,0.8750
2006-02-20,0.8750
2006-02-21,0.8890
2006-02-22,0.8870
2006-02-23,0.8940
2006-02-24,0.8990
2006-02-27,0.9090
2006-02-28,0.9150
2006-03-01,0.9170
2006-03-02,0.9010
2006-03-03,0.9040
2006-03-06,0.9030
2006-03-07,0.8850
2006-03-08,0.8820
2006-03-09,0.8760
2006-03-10,0.8790
2006-03-13,0.8860
2006-03-14,0.8830
2006-03-15,0.8900
2006-03-16,0.8880
2006-03-17,0.8850
2006-03-20,0.8970
2006-03-21,0.8970
2006-03-22,0.8980
2006-03-23,0.8970
2006-03-24,0.8910
2006-03-27,0.8950
2006-03-28,0.8970
2006-03-29,0.9070
2006-03-30,0.9000
2006-03-31,0.9000
2006-04-03,0.9130
2006-04-04,0.9220
2006-04-05,0.9280
2006-04-06,0.9230
2006-04-07,0.9180
2006-04-10,0.9300
2006-04-11,0.9330
2006-04-12,0.9300
2006-04-13,0.9130
2006-04-14,0.9320
2006-04-17,0.9430
2006-04-18,0.9490
2006-04-19,0.9530
2006-04-20,0.9440
2006-04-21,0.9620
2006-04-24,0.9640
2006-04-25,0.9550
2006-04-26,0.9720
2006-04-27,0.9680
2006-04-28,0.9890
2006-05-08,1.0200
2006-05-09,1.0410
2006-05-10,1.0460
2006-05-11,1.0360
2006-05-12,1.0750
2006-05-15,1.1100
2006-05-16,1.1050
2006-05-17,1.1070
2006-05-18,1.0940
2006-05-19,1.1030
2006-05-22,1.1040
2006-05-23,1.0710
2006-05-24,1.0680
2006-05-25,1.0690
2006-05-26,1.0840
2006-05-29,1.1100
2006-05-30,1.1130
2006-05-31,1.1020
2006-06-01,1.1300
2006-06-02,1.1200
2006-06-05,1.1250
2006-06-06,1.1230
2006-06-07,1.0720
2006-06-08,1.0820
2006-06-09,1.0590
2006-06-12,1.0630
2006-06-13,1.0610
2006-06-14,1.0500
2006-06-15,1.0500
2006-06-16,1.0760
2006-06-19,1.0860
2006-06-20,1.0900
2006-06-21,1.0860
2006-06-22,1.0870
2006-06-23,1.0920
2006-06-26,1.1150
2006-06-27,1.1130
2006-06-28,1.1120
2006-06-29,1.1360
2006-06-30,1.1340
2006-07-03,1.1570
2006-07-04,1.1470
2006-07-05,1.1250
2006-07-06,1.1410
2006-07-07,1.1300
2006-07-10,1.1300
2006-07-11,1.1330
2006-07-12,1.1320
2006-07-13,1.0840
2006-07-14,1.0920
2006-07-17,1.1000
2006-07-18,1.0970
2006-07-19,1.0730
2006-07-20,1.0790
2006-07-21,1.0890
2006-07-24,1.0910
2006-07-25,1.1010
2006-07-26,1.1020
2006-07-27,1.0930
2006-07-28,1.0830
2006-07-31,1.0530
2006-08-01,1.0430
2006-08-02,1.0390
2006-08-03,1.0400
2006-08-04,1.0230
2006-08-07,1.0100
2006-08-08,1.0270
2006-08-09,1.0260
2006-08-10,1.0440
2006-08-11,1.0440
2006-08-14,1.0250
2006-08-15,1.0400
2006-08-16,1.0510
2006-08-17,1.0430
2006-08-18,1.0420
2006-08-21,1.0430
2006-08-22,1.0530
2006-08-23,1.0540
2006-08-24,1.0610
2006-08-25,1.0610
2006-08-28,1.0790
2006-08-29,1.0800
2006-08-30,1.0790
2006-08-31,1.0790
2006-09-01,1.0650
2006-09-04,1.0780
2006-09-05,1.0840
2006-09-06,1.0890
2006-09-07,1.0780
2006-09-08,1.0840
2006-09-11,1.0920
2006-09-12,1.1000
2006-09-13,1.1040
2006-09-14,1.1060
2006-09-15,1.1290
2006-09-18,1.1300
2006-09-19,1.1360
2006-09-20,1.1330
2006-09-21,1.1430
2006-09-22,1.1300
2006-09-25,1.1280
2006-09-26,1.1140
2006-09-27,1.1250
2006-09-28,1.1370
2006-09-29,1.1500
2006-09-30,1.1500
2006-10-09,1.1860
2006-10-10,1.1870
2006-10-11,1.1870
2006-10-12,1.1830
2006-10-13,1.1850
2006-10-16,1.1710
2006-10-17,1.1610
2006-10-18,1.1820
2006-10-19,1.1830
2006-10-20,1.1870
2006-10-23,1.1690
2006-10-24,1.1950
2006-10-25,1.2020
2006-10-26,1.2130
2006-10-27,1.2010
2006-10-30,1.2130
2006-10-31,1.2320
2006-11-01,1.2490
2006-11-02,1.2460
2006-11-03,1.2580
2006-11-06,1.2860
2006-11-07,1.2980
2006-11-08,1.2820
2006-11-09,1.3110
2006-11-10,1.3030
2006-11-13,1.2840
2006-11-14,1.2980
2006-11-15,1.3290
2006-11-16,1.2980
2006-11-17,1.3200
2006-11-20,1.3580
2006-11-21,1.3730
2006-11-22,1.3780
2006-11-23,1.3900
2006-11-24,1.3810
2006-11-27,1.3780
2006-11-28,1.3660
2006-11-29,1.3800
2006-11-30,1.4200
2006-12-01,1.4250
2006-12-04,1.4770
2006-12-05,1.4880
2006-12-06,1.4840
2006-12-07,1.4950
2006-12-08,1.4420
2006-12-11,1.5070
2006-12-12,1.5230
2006-12-13,1.5230
2006-12-14,1.5510
2006-12-15,1.5710
2006-12-18,1.6090
2006-12-19,1.6150
2006-12-20,1.6150
2006-12-21,1.5920
2006-12-22,1.5880
2006-12-25,1.6320
2006-12-26,1.6390
2006-12-27,1.6890
2006-12-28,1.6990
2006-12-29,1.7640
2006-12-31,1.7630
2007-01-04,1.8000
2007-01-05,1.7850
2007-01-08,1.8240
2007-01-09,1.8980
2007-01-10,1.9250
2007-01-11,1.8880
2007-01-12,1.8360
2007-01-15,1.9170
2007-01-16,1.9460
2007-01-17,1.9200
2007-01-18,1.9020
2007-01-19,1.9600
2007-01-22,2.0380
2007-01-23,2.0750
2007-01-24,2.1100
2007-01-25,2.0630
2007-01-26,2.1340
2007-01-29,2.1990
2007-01-30,2.1790
2007-01-31,2.0340
2007-02-01,2.0310
2007-02-02,1.9390
2007-02-05,1.8880
2007-02-06,1.9360
2007-02-07,1.9840
2007-02-08,2.0060
2007-02-09,1.9840
2007-02-12,2.0590
2007-02-13,2.0860
2007-02-14,2.1500
2007-02-15,2.2100
2007-02-16,2.2090
2007-02-26,2.2220
2007-02-27,2.0120
2007-02-28,2.0760
2007-03-01,2.0230
2007-03-02,2.0480
2007-03-05,2.0000
2007-03-06,2.0550
2007-03-07,2.1030
2007-03-08,2.1190
2007-03-09,2.1140
2007-03-12,2.1080
2007-03-13,2.1170
2007-03-14,2.0710
2007-03-15,2.1110
2007-03-16,2.0800
2007-03-19,2.1480
2007-03-20,2.1470
2007-03-21,2.1670
2007-03-22,2.1810
2007-03-23,2.1740
2007-03-26,2.2050
2007-03-27,2.2100
2007-03-28,2.2520
2007-03-29,2.2690
2007-03-30,2.2580
2007-03-31,2.2580
2007-04-02,2.3070
2007-04-03,2.3280
2007-04-04,2.3390
2007-04-05,2.3530
2007-04-06,2.3500
2007-04-09,2.3980
2007-04-10,2.4270
2007-04-11,2.4650
2007-04-12,2.4910
2007-04-13,2.4740
2007-04-16,2.5410
2007-04-17,2.5350
2007-04-18,2.5190
2007-04-19,2.4160
2007-04-20,2.5040
2007-04-23,2.6050
2007-04-24,2.6140
2007-04-25,2.6360
2007-04-26,2.6540
2007-04-27,2.6300
2007-04-30,2.6770
2007-05-08,2.7510
2007-05-09,2.7850
2007-05-10,2.8110
2007-05-11,2.8010
2007-05-14,2.8200
2007-05-15,2.7090
2007-05-16,2.7650
2007-05-17,2.8050
2007-05-18,2.7880
2007-05-21,2.7980
2007-05-22,2.8140
2007-05-23,2.8510
2007-05-24,2.8380
2007-05-25,2.8680
2007-05-28,2.9200
2007-05-29,2.9720
2007-05-30,2.7900
2007-05-31,2.8820
2007-06-01,2.8470
2007-06-04,2.6480
2007-06-05,2.7230
2007-06-06,2.7260
2007-06-07,2.7990
2007-06-08,2.7960
2007-06-11,2.8610
2007-06-12,2.9250
2007-06-13,2.9850
2007-06-14,2.9510
2007-06-15,2.9760
2007-06-18,3.0710
2007-06-19,3.0730
2007-06-20,3.0010
2007-06-21,3.0540
2007-06-22,2.9960
2007-06-25,2.9140
2007-06-26,2.9390
2007-06-27,3.0270
2007-06-28,2.9440
2007-06-29,2.8940
2007-06-30,2.8940
2007-07-02,2.8970
2007-07-03,2.9390
2007-07-04,2.8660
2007-07-05,2.7370
2007-07-06,2.8440
2007-07-09,2.9210
2007-07-10,2.9170
2007-07-11,2.9190
2007-07-12,2.9530
2007-07-13,2.9520
2007-07-16,2.8640
2007-07-17,2.9390
2007-07-18,2.9600
2007-07-19,2.9520
2007-07-20,3.0780
2007-07-23,3.1930
2007-07-24,3.1970
2007-07-25,3.2680
2007-07-26,3.2740
2007-07-27,3.2580
2007-07-30,3.3250
2007-07-31,3.3540
2007-08-01,3.2520
2007-08-02,3.3300
2007-08-03,3.4780
2007-08-06,3.5540
2007-08-07,3.5650
2007-08-08,3.5440
2007-08-09,3.6430
2007-08-10,3.6450
2007-08-13,3.6740
2007-08-14,3.7080
2007-08-15,3.7280
2007-08-16,3.6340
2007-08-17,3.5410
2007-08-20,3.7490
2007-08-21,3.8150
2007-08-22,3.8620
2007-08-23,3.9110
2007-08-24,4.0080
2007-08-27,4.0330
2007-08-28,4.0450
2007-08-29,3.9790
2007-08-30,4.0120
2007-08-31,4.0660
2007-09-03,4.1520
2007-09-04,4.0900
2007-09-05,4.0780
2007-09-06,4.1360
2007-09-07,4.0550
2007-09-10,4.1120
2007-09-11,3.9390
2007-09-12,3.9720
2007-09-13,4.0610
2007-09-14,4.0890
2007-09-17,4.1670
2007-09-18,4.1300
2007-09-19,4.0950
2007-09-20,4.1410
2007-09-21,4.1100
2007-09-24,4.1540
2007-09-25,4.1070
2007-09-26,4.0480
2007-09-27,4.0960
2007-09-28,4.2030
2007-09-30,4.2030
2007-10-08,4.2810
2007-10-09,4.3070
2007-10-10,4.3270
2007-10-11,4.4580
2007-10-12,4.4520
2007-10-15,4.5600
2007-10-16,4.5850
2007-10-17,4.5290
2007-10-18,4.3580
2007-10-19,4.3470
2007-10-22,4.2510
2007-10-23,4.3370
2007-10-24,4.3900
2007-10-25,4.2150
2007-10-26,4.2760
2007-10-29,4.3690
2007-10-30,4.4120
2007-10-31,4.4540
2007-11-01,4.4010
2007-11-02,4.2980
2007-11-05,4.2180
2007-11-06,4.1790
2007-11-07,4.2140
2007-11-08,4.0200
2007-11-09,3.9940
2007-11-12,3.9670
2007-11-13,3.9260
2007-11-14,4.0790
2007-11-15,4.0390
2007-11-16,3.9790
2007-11-19,3.9510
2007-11-20,4.0020
2007-11-21,3.9440
2007-11-22,3.7960
2007-11-23,3.8620
2007-11-26,3.8260
2007-11-27,3.7650
2007-11-28,3.7280
2007-11-29,3.8960
2007-11-30,3.8130
2007-12-03,3.8460
2007-12-04,3.8930
2007-12-05,3.9910
2007-12-06,3.9970
2007-12-07,4.0460
2007-12-10,4.0900
2007-12-11,4.0780
2007-12-12,4.0080
2007-12-13,3.8840
2007-12-14,3.9520
2007-12-17,3.8320
2007-12-18,3.8140
2007-12-19,3.9070
2007-12-20,3.9800
2007-12-21,4.0190
2007-12-24,4.0940
2007-12-25,4.0910
2007-12-26,4.1060
2007-12-27,4.1840
2007-12-28,4.1570
2007-12-29,4.1570
2007-12-31,4.1570
2008-01-02,4.1600
2008-01-03,4.1710
2008-01-04,4.2150
2008-01-07,4.2620
2008-01-08,4.2810
2008-01-09,4.3250
2008-01-10,4.3530
2008-01-11,4.4090
2008-01-14,4.4250
2008-01-15,4.3820
2008-01-16,4.2270
2008-01-17,4.1510
2008-01-18,4.1670
2008-01-21,3.9650
2008-01-22,3.6970
2008-01-23,3.8410
2008-01-24,3.8340
2008-01-25,3.8890
2008-01-28,3.6160
2008-01-29,3.6290
2008-01-30,3.5630
2008-01-31,3.5160
2008-02-01,3.5080
2008-02-04,3.7940
2008-02-05,3.7680
2008-02-13,3.6690
2008-02-14,3.7170
2008-02-15,3.6610
2008-02-18,3.7230
2008-02-19,3.8000
2008-02-20,3.6950
2008-02-21,3.6420
2008-02-22,3.4960
2008-02-25,3.3710
2008-02-26,3.3980
2008-02-27,3.4870
2008-02-28,3.4640
2008-02-29,3.5000
2008-03-03,3.5660
2008-03-04,3.4580
2008-03-05,3.4140
2008-03-06,3.4750
2008-03-07,3.4270
2008-03-10,3.2880
2008-03-11,3.2950
2008-03-12,3.1960
2008-03-13,3.1510
2008-03-14,3.1180
2008-03-17,3.0190
2008-03-18,2.9100
2008-03-19,2.9810
2008-03-20,3.0500
2008-03-21,3.0580
2008-03-24,2.9130
2008-03-25,2.9290
2008-03-26,2.9390
2008-03-27,2.8080
2008-03-28,2.9450
2008-03-31,2.8600
2008-04-01,2.7530
2008-04-02,2.7790
2008-04-03,2.8590
2008-04-07,2.9760
2008-04-08,2.9930
2008-04-09,2.8310
2008-04-10,2.8660
2008-04-11,2.8880
2008-04-14,2.7160
2008-04-15,2.7430
2008-04-16,2.6850
2008-04-17,2.6150
2008-04-18,2.5330
2008-04-21,2.5600
2008-04-22,2.6070
2008-04-23,2.7250
2008-04-24,2.9740
2008-04-25,2.9710
2008-04-28,2.9060
2008-04-29,2.9410
2008-04-30,3.0960
2008-05-05,3.1380
2008-05-06,3.0970
2008-05-07,2.9620
2008-05-08,3.0180
2008-05-09,2.9670
2008-05-12,2.9790
2008-05-13,2.9230
2008-05-14,3.0180
2008-05-15,2.9980
2008-05-16,2.9970
2008-05-19,2.9700
2008-05-20,2.8370
2008-05-21,2.8910
2008-05-22,2.8450
2008-05-23,2.8460
2008-05-26,2.7620
2008-05-27,2.7670
2008-05-28,2.8410
2008-05-29,2.7790
2008-05-30,2.8080
2008-06-02,2.8210
2008-06-03,2.8130
2008-06-04,2.7490
2008-06-05,2.7310
2008-06-06,2.7100
2008-06-10,2.5050
2008-06-11,2.4700
2008-06-12,2.4200
2008-06-13,2.3670
2008-06-16,2.3710
2008-06-17,2.3160
2008-06-18,2.4170
2008-06-19,2.2620
2008-06-20,2.3240
2008-06-23,2.2750
2008-06-24,2.3070
2008-06-25,2.3830
2008-06-26,2.3770
2008-06-27,2.2630
2008-06-30,2.2370
2008-07-01,2.1450
2008-07-02,2.1330
2008-07-03,2.1630
2008-07-04,2.1480
2008-07-07,2.2620
2008-07-08,2.2680
2008-07-09,2.3630
2008-07-10,2.3350
2008-07-11,2.3210
2008-07-14,2.3350
2008-07-15,2.2330
2008-07-16,2.1650
2008-07-17,2.1490
2008-07-18,2.2330
2008-07-21,2.3000
2008-07-22,2.2920
2008-07-23,2.2850
2008-07-24,2.3690
2008-07-25,2.3360
2008-07-28,2.3520
2008-07-29,2.3090
2008-07-30,2.2950
2008-07-31,2.2410
2008-08-01,2.2790
2008-08-04,2.2310
2008-08-05,2.1940
2008-08-06,2.2210
2008-08-07,2.2150
2008-08-08,2.1270
2008-08-11,2.0470
2008-08-12,2.0360
2008-08-13,2.0250
2008-08-14,2.0170
2008-08-15,2.0340
2008-08-18,1.9340
2008-08-19,1.9630
2008-08-20,2.1190
2008-08-21,2.0470
2008-08-22,2.0180
2008-08-25,2.0240
2008-08-26,1.9880
2008-08-27,1.9880
2008-08-28,2.0030
2008-08-29,2.0410
2008-09-01,1.9720
2008-09-02,1.9490
2008-09-03,1.9140
2008-09-04,1.9120
2008-09-05,1.8630
2008-09-08,1.8350
2008-09-09,1.8450
2008-09-10,1.8450
2008-09-11,1.7720
2008-09-12,1.7760
2008-09-16,1.6840
2008-09-17,1.6040
2008-09-18,1.5800
2008-09-19,1.7230
2008-09-22,1.8490
2008-09-23,1.7890
2008-09-24,1.7990
2008-09-25,1.8700
2008-09-26,1.8700
2008-09-30,1.8700
2008-10-06,1.7700
2008-10-07,1.7380
2008-10-08,1.6610
2008-10-09,1.6460
2008-10-10,1.5850
2008-10-13,1.6640
2008-10-14,1.6210
2008-10-15,1.6060
2008-10-16,1.5330
2008-10-17,1.5390
2008-10-20,1.5880
2008-10-21,1.5720
2008-10-22,1.5310
2008-10-23,1.5200
2008-10-24,1.4690
2008-10-27,1.3650
2008-10-28,1.4100
2008-10-29,1.3770
2008-10-30,1.4190
2008-10-31,1.3880
2008-11-03,1.3860
2008-11-04,1.3750
2008-11-05,1.4330
2008-11-06,1.3930
2008-11-07,1.4220
2008-11-10,1.5260
2008-11-11,1.5010
2008-11-12,1.5140
2008-11-13,1.5650
2008-11-14,1.6040
2008-11-17,1.6290
2008-11-18,1.5170
2008-11-19,1.5390
2008-11-20,1.5100
2008-11-21,1.4990
2008-11-24,1.4350
2008-11-25,1.4340
2008-11-26,1.4400
2008-11-27,1.4540
2008-11-28,1.4110
2008-12-01,1.4240
2008-12-02,1.4190
2008-12-03,1.4840
2008-12-04,1.5170
2008-12-05,1.5330
2008-12-08,1.5960
2008-12-09,1.5500
2008-12-10,1.5990
2008-12-11,1.5620
2008-12-12,1.4970
2008-12-15,1.5070
2008-12-16,1.5100
2008-12-17,1.5080
2008-12-18,1.5500
2008-12-19,1.5510
2008-12-22,1.5210
2008-12-23,1.4540
2008-12-24,1.4330
2008-12-25,1.4200
2008-12-26,1.4200
2008-12-29,1.4110
2008-12-30,1.3950
2008-12-31,1.3900
2009-01-05,1.4390
2009-01-06,1.4850
2009-01-07,1.4710
2009-01-08,1.4350
2009-01-09,1.4510
2009-01-12,1.4450
2009-01-13,1.4180
2009-01-14,1.4790
2009-01-15,1.4710
2009-01-16,1.5060
2009-01-19,1.5320
2009-01-20,1.5410
2009-01-21,1.5370
2009-01-22,1.5480
2009-01-23,1.5400
2009-02-02,1.5430
2009-02-03,1.5810
2009-02-04,1.6300
2009-02-05,1.6280
2009-02-06,1.6870
2009-02-09,1.7140
2009-02-10,1.7210
2009-02-11,1.7260
2009-02-12,1.6980
2009-02-13,1.7540
2009-02-16,1.8150
2009-02-17,1.7630
2009-02-18,1.6770
2009-02-19,1.6780
2009-02-20,1.6980
2009-02-23,1.7360
2009-02-24,1.6470
2009-02-25,1.6680
2009-02-26,1.6120
2009-02-27,1.5970
2009-03-02,1.5980
2009-03-03,1.5710
2009-03-04,1.6780
2009-03-05,1.7000
2009-03-06,1.6850
2009-03-09,1.6280
2009-03-10,1.6560
2009-03-11,1.6420
2009-03-12,1.6370
2009-03-13,1.6340
2009-03-16,1.6630
2009-03-17,1.7110
2009-03-18,1.7080
2009-03-19,1.7400
2009-03-20,1.7320
2009-03-23,1.7720
2009-03-24,1.7820
2009-03-25,1.7540
2009-03-26,1.8150
2009-03-27,1.8310
2009-03-30,1.8220
2009-03-31,1.8350
2009-04-01,1.8560
2009-04-02,1.8830
2009-04-03,1.8950
2009-04-07,1.8950
2009-04-08,1.8180
2009-04-09,1.8500
2009-04-10,1.8960
2009-04-13,1.9410
2009-04-14,1.9500
2009-04-15,1.9440
2009-04-16,1.9430
2009-04-17,1.9190
2009-04-20,1.9560
2009-04-21,1.9310
2009-04-22,1.8760
2009-04-23,1.8780
2009-04-24,1.8640
2009-04-27,1.8310
2009-04-28,1.8280
2009-04-29,1.9030
2009-04-30,1.9000
2009-05-04,1.9610
2009-05-05,1.9640
2009-05-06,1.9840
2009-05-07,1.9930
2009-05-08,2.0230
2009-05-11,2.0020
2009-05-12,2.0380
2009-05-13,2.0550
2009-05-14,2.0240
2009-05-15,2.0240
2009-05-18,2.0310
2009-05-19,2.0510
2009-05-20,2.0210
2009-05-21,1.9740
2009-05-22,1.9700
2009-05-25,1.9730
2009-05-26,1.9490
2009-05-27,1.9930
2009-06-01,2.0770
2009-06-02,2.0750
2009-06-03,2.1460
2009-06-04,2.1730
2009-06-05,2.1600
2009-06-08,2.1840
2009-06-09,2.1930
2009-06-10,2.2090
2009-06-11,2.1970
2009-06-12,2.1580
2009-06-15,2.2170
2009-06-16,2.2070
2009-06-17,2.2350
2009-06-18,2.2810
2009-06-19,2.3050
2009-06-22,2.3150
2009-06-23,2.3280
2009-06-24,2.3340
2009-06-25,2.3340
2009-06-26,2.3410
2009-06-29,2.3880
2009-06-30,2.3790
2009-07-01,2.4400
2009-07-02,2.4820
2009-07-03,2.5100
2009-07-06,2.5490
2009-07-07,2.5170
2009-07-08,2.5010
2009-07-09,2.5320
2009-07-10,2.5200
2009-07-13,2.4720
2009-07-14,2.5520
2009-07-15,2.5800
2009-07-16,2.6010
2009-07-17,2.6080
2009-07-20,2.6560
2009-07-21,2.6270
2009-07-22,2.6800
2009-07-23,2.7200
2009-07-24,2.7470
2009-07-27,2.8070
2009-07-28,2.8000
2009-07-29,2.6740
2009-07-30,2.7560
2009-07-31,2.8190
2009-08-03,2.8420
2009-08-04,2.8160
2009-08-05,2.7700
2009-08-06,2.7070
2009-08-07,2.6420
2009-08-10,2.6210
2009-08-11,2.6230
2009-08-12,2.5030
2009-08-13,2.5380
2009-08-14,2.4730
2009-08-17,2.3390
2009-08-18,2.3530
2009-08-19,2.2430
2009-08-20,2.3440
2009-08-21,2.3790
2009-08-24,2.3800
2009-08-25,2.2730
2009-08-26,2.3070
2009-08-27,2.2910
2009-08-28,2.2080
2009-08-31,2.0600
2009-09-01,2.0900
2009-09-02,2.1370
2009-09-03,2.2420
2009-09-04,2.2480
2009-09-07,2.2640
2009-09-08,2.3040
2009-09-09,2.3140
2009-09-10,2.2930
2009-09-11,2.3630
2009-09-14,2.3900
2009-09-15,2.3910
2009-09-16,2.3440
2009-09-17,2.3880
2009-09-18,2.3050
2009-09-21,2.3010
2009-09-22,2.2460
2009-09-23,2.2130
2009-09-24,2.2460
2009-09-25,2.2380
2009-09-28,2.1770
2009-09-29,2.1920
2009-09-30,2.2120
2009-10-09,2.3190
2009-10-12,2.3040
2009-10-13,2.3420
2009-10-14,2.3620
2009-10-15,2.3720
2009-10-16,2.3690
2009-10-19,2.4220
2009-10-20,2.4620
2009-10-21,2.4550
2009-10-22,2.4340
2009-10-23,2.4850
2009-10-26,2.4880
2009-10-27,2.4190
2009-10-28,2.4150
2009-10-29,2.3550
2009-10-30,2.3820
2009-11-02,2.4680
2009-11-03,2.4940
2009-11-04,2.5090
2009-11-05,2.5110
2009-11-06,2.5200
2009-11-09,2.5260
2009-11-10,2.5270
2009-11-11,2.5160
2009-11-12,2.5140
2009-11-13,2.5290
2009-11-16,2.6050
2009-11-17,2.6090
2009-11-18,2.6090
2009-11-19,2.6050
2009-11-20,2.5850
2009-11-23,2.5970
2009-11-24,2.5280
2009-11-25,2.5720
2009-11-26,2.4650
2009-11-27,2.3940
2009-11-30,2.4730
2009-12-01,2.4970
2009-12-02,2.5180
2009-12-03,2.5030
2009-12-04,2.5900
2009-12-07,2.5990
2009-12-08,2.5570
2009-12-09,2.5000
2009-12-10,2.5140
2009-12-11,2.5120
2009-12-14,2.5580
2009-12-15,2.5290
2009-12-16,2.5170
2009-12-17,2.4690
2009-12-18,2.4290
2009-12-21,2.4170
2009-12-22,2.3620
2009-12-23,2.3760
2009-12-24,2.4350
2009-12-25,2.4120
2009-12-28,2.4490
2009-12-29,2.4720
2009-12-30,2.5410
2009-12-31,2.5520
2010-01-04,2.5130
2010-01-05,2.5410
2010-01-06,2.5110
2010-01-07,2.4610
2010-01-08,2.4620
2010-01-11,2.4730
2010-01-12,2.5030
2010-01-13,2.3960
2010-01-14,2.4190
2010-01-15,2.4250
2010-01-18,2.4190
2010-01-19,2.4310
2010-01-20,2.3600
2010-01-21,2.3780
2010-01-22,2.3810
2010-01-25,2.3540
2010-01-26,2.3130
2010-01-27,2.2650
2010-01-28,2.2530
2010-01-29,2.2440
2010-02-01,2.2120
2010-02-02,2.2170
2010-02-03,2.2800
2010-02-04,2.2640
2010-02-05,2.2220
2010-02-08,2.2130
2010-02-09,2.2310
2010-02-10,2.2620
2010-02-11,2.2680
2010-02-12,2.2870
2010-02-22,2.2710
2010-02-23,2.2300
2010-02-24,2.2540
2010-02-25,2.2850
2010-02-26,2.2770
2010-03-01,2.3130
2010-03-02,2.3040
2010-03-03,2.3140
2010-03-04,2.2650
2010-03-05,2.2710
2010-03-08,2.2870
2010-03-09,2.3050
2010-03-10,2.2950
2010-03-11,2.3020
2010-03-12,2.2760
2010-03-15,2.2410
2010-03-16,2.2620
2010-03-17,2.3080
2010-03-18,2.2960
2010-03-19,2.3120
2010-03-22,2.3180
2010-03-23,2.2930
2010-03-24,2.2930
2010-03-25,2.2600
2010-03-26,2.2940
2010-03-29,2.3640
2010-03-30,2.3690
2010-03-31,2.3500
2010-04-01,2.3760
2010-04-02,2.3780
2010-04-06,2.3770
2010-04-07,2.3610
2010-04-08,2.3250
2010-04-09,2.3450
2010-04-12,2.3180
2010-04-13,2.3650
2010-04-14,2.3670
2010-04-15,2.3660
2010-04-16,2.3290
2010-04-19,2.2100
2010-04-20,2.2040
2010-04-21,2.2380
2010-04-22,2.1950
2010-04-23,2.1840
2010-04-26,2.1690
2010-04-27,2.1300
2010-04-28,2.1240
2010-04-29,2.1230
2010-04-30,2.1480
2010-05-04,2.1120
2010-05-05,2.1150
2010-05-06,2.0150
2010-05-07,1.9880
2010-05-10,2.0150
2010-05-11,1.9760
2010-05-12,2.0090
2010-05-13,2.0500
2010-05-14,2.0280
2010-05-17,1.9370
2010-05-18,1.9790
2010-05-19,1.9670
2010-05-20,1.9350
2010-05-21,1.9530
2010-05-24,2.0170
2010-05-25,1.9680
2010-05-26,1.9670
2010-05-27,1.9940
2010-05-28,1.9850
2010-05-31,1.9390
2010-06-01,1.9240
2010-06-02,1.9220
2010-06-03,1.9100
2010-06-04,1.9100
2010-06-07,1.8690
2010-06-08,1.8610
2010-06-09,1.9230
2010-06-10,1.8900
2010-06-11,1.8990
2010-06-17,1.8970
2010-06-18,1.8870
2010-06-21,1.9490
2010-06-22,1.9460
2010-06-23,1.9290
2010-06-24,1.9310
2010-06-25,1.9340
2010-06-28,1.9290
2010-06-29,1.8530
2010-06-30,1.8410
2010-07-01,1.8240
2010-07-02,1.8370
2010-07-05,1.8230
2010-07-06,1.8520
2010-07-07,1.8560
2010-07-08,1.8560
2010-07-09,1.8990
2010-07-12,1.9150
2010-07-13,1.8870
2010-07-14,1.9020
2010-07-15,1.8690
2010-07-16,1.8690
2010-07-19,1.9090
2010-07-20,1.9410
2010-07-21,1.9450
2010-07-22,1.9650
2010-07-23,1.9760
2010-07-26,1.9830
2010-07-27,1.9670
2010-07-28,2.0140
2010-07-29,2.0240
2010-07-30,2.0180
2010-08-02,2.0470
2010-08-03,2.0100
2010-08-04,2.0130
2010-08-05,1.9850
2010-08-06,2.0110
2010-08-09,2.0200
2010-08-10,1.9670
2010-08-11,1.9720
2010-08-12,1.9470
2010-08-13,1.9630
2010-08-16,2.0040
2010-08-17,2.0140
2010-08-18,2.0080
2010-08-19,2.0280
2010-08-20,2.0010
2010-08-23,1.9970
2010-08-24,1.9940
2010-08-25,1.9490
2010-08-26,1.9480
2010-08-27,1.9520
2010-08-30,1.9770
2010-08-31,1.9580
2010-09-01,1.9520
2010-09-02,1.9690
2010-09-03,1.9620
2010-09-06,2.0080
2010-09-07,2.0050
2010-09-08,1.9880
2010-09-09,1.9510
2010-09-10,1.9480
2010-09-13,1.9560
2010-09-14,1.9600
2010-09-15,1.9280
2010-09-16,1.8930
2010-09-17,1.8930
2010-09-20,1.8960
2010-09-21,1.9000
2010-09-27,1.9160
2010-09-28,1.8990
2010-09-29,1.9040
2010-09-30,1.9490
2010-10-08,2.0260
2010-10-11,2.1010
2010-10-12,2.1250
2010-10-13,2.1590
2010-10-14,2.1900
2010-10-15,2.2800
2010-10-18,2.2680
2010-10-19,2.3040
2010-10-20,2.3100
2010-10-21,2.2710
2010-10-22,2.2580
2010-10-25,2.3190
2010-10-26,2.2980
2010-10-27,2.2510
2010-10-28,2.2500
2010-10-29,2.2160
2010-11-01,2.2650
2010-11-02,2.2580
2010-11-03,2.2520
2010-11-04,2.2800
2010-11-05,2.3020
2010-11-08,2.3140
2010-11-09,2.2810
2010-11-10,2.2490
2010-11-11,2.2750
2010-11-12,2.1530
2010-11-15,2.1450
2010-11-16,2.0210
2010-11-17,2.0020
2010-11-18,2.0260
2010-11-19,2.0280
2010-11-22,2.0070
2010-11-23,1.9690
2010-11-24,2.0080
2010-11-25,2.0370
2010-11-26,2.0140
2010-11-29,2.0080
2010-11-30,1.9760
2010-12-01,1.9800
2010-12-02,1.9930
2010-12-03,2.0030
2010-12-06,2.0270
2010-12-07,2.0430
2010-12-08,2.0150
2010-12-09,1.9930
2010-12-10,2.0180
2010-12-13,2.0700
2010-12-14,2.0660
2010-12-15,2.0510
2010-12-16,2.0330
2010-12-17,2.0290
2010-12-20,1.9960
2010-12-21,2.0460
2010-12-22,2.0180
2010-12-23,2.0150
2010-12-24,2.0100
2010-12-27,1.9740
2010-12-28,1.9470
2010-12-29,1.9500
2010-12-30,1.9410
2010-12-31,1.9720
2011-01-04,2.0100
2011-01-05,1.9940
2011-01-06,1.9790
2011-01-07,2.0010
2011-01-10,1.9710
2011-01-11,1.9950
2011-01-12,2.0130
2011-01-13,2.0100
2011-01-14,1.9780
2011-01-17,1.9150
2011-01-18,1.9200
2011-01-19,1.9500
2011-01-20,1.8920
2011-01-21,1.9220
2011-01-24,1.9080
2011-01-25,1.9070
2011-01-26,1.9220
2011-01-27,1.9450
2011-01-28,1.9400
2011-01-31,1.9590
2011-02-01,1.9650
2011-02-09,1.9380
2011-02-10,1.9710
2011-02-11,1.9720
2011-02-14,2.0410
2011-02-15,2.0360
2011-02-16,2.0440
2011-02-17,2.0400
2011-02-18,2.0230
2011-02-21,2.0390
2011-02-22,1.9840
2011-02-23,1.9890
2011-02-24,1.9950
2011-02-25,1.9980
2011-02-28,2.0120
2011-03-01,2.0260
2011-03-02,2.0320
2011-03-03,2.0430
2011-03-04,2.0710
2011-03-07,2.1130
2011-03-08,2.1130
2011-03-09,2.1100
2011-03-10,2.0620
2011-03-11,2.0400
2011-03-14,2.0450
2011-03-15,2.0100
2011-03-16,2.0400
2011-03-17,2.0140
2011-03-18,2.0260
2011-03-21,2.0270
2011-03-22,2.0450
2011-03-23,2.0650
2011-03-24,2.0540
2011-03-25,2.0870
2011-03-28,2.0930
2011-03-29,2.0860
2011-03-30,2.0910
2011-03-31,2.0730
2011-04-01,2.1160
2011-04-06,2.1650
2011-04-07,2.1630
2011-04-08,2.1740
2011-04-11,2.1650
2011-04-12,2.1540
2011-04-13,2.1890
2011-04-14,2.1790
2011-04-15,2.1890
2011-04-18,2.1890
2011-04-19,2.1420
2011-04-20,2.1340
2011-04-21,2.1500
2011-04-22,2.1410
2011-04-25,2.1180
2011-04-26,2.1100
2011-04-27,2.1040
2011-04-28,2.1020
2011-04-29,2.1040
2011-05-03,2.1040
2011-05-04,2.0470
2011-05-05,2.0400
2011-05-06,2.0270
2011-05-09,2.0260
2011-05-10,2.0460
2011-05-11,2.0370
2011-05-12,2.0100
2011-05-13,2.0310
2011-05-16,2.0070
2011-05-17,2.0220
2011-05-18,2.0420
2011-05-19,2.0350
2011-05-20,2.0410
2011-05-23,1.9820
2011-05-24,1.9850
2011-05-25,1.9610
2011-05-26,1.9640
2011-05-27,1.9660
2011-05-30,1.9680
2011-05-31,1.9980
2011-06-01,1.9910
2011-06-02,1.9510
2011-06-03,1.9660
2011-06-07,1.9750
2011-06-08,1.9710
2011-06-09,1.9410
2011-06-10,1.9470
2011-06-13,1.9440
2011-06-14,1.9680
2011-06-15,1.9520
2011-06-16,1.9290
2011-06-17,1.9160
2011-06-20,1.9090
2011-06-21,1.9280
2011-06-22,1.9270
2011-06-23,1.9560
2011-06-24,2.0030
2011-06-27,2.0000
2011-06-28,2.0000
2011-06-29,1.9680
2011-06-30,1.9980
2011-07-01,1.9970
2011-07-04,2.0460
2011-07-05,2.0410
2011-07-06,2.0290
2011-07-07,2.0190
2011-07-08,2.0280
2011-07-11,2.0230
2011-07-12,1.9810
2011-07-13,2.0110
2011-07-14,2.0180
2011-07-15,2.0240
2011-07-18,2.0160
2011-07-19,2.0020
2011-07-20,1.9970
2011-07-21,1.9750
2011-07-22,1.9780
2011-07-25,1.9240
2011-07-26,1.9300
2011-07-27,1.9330
2011-07-28,1.9150
2011-07-29,1.9240
2011-08-01,1.9260
2011-08-02,1.9100
2011-08-03,1.9090
2011-08-04,1.9110
2011-08-05,1.8650
2011-08-08,1.8100
2011-08-09,1.8160
2011-08-10,1.8280
2011-08-11,1.8540
2011-08-12,1.8520
2011-08-15,1.8870
2011-08-16,1.8780
2011-08-17,1.8720
2011-08-18,1.8380
2011-08-19,1.8200
2011-08-22,1.8050
2011-08-23,1.8360
2011-08-24,1.8220
2011-08-25,1.8940
2011-08-26,1.8920
2011-08-29,1.8530
2011-08-30,1.8510
2011-08-31,1.8570
2011-09-01,1.8560
2011-09-02,1.8360
2011-09-05,1.8020
2011-09-06,1.7950
2011-09-07,1.8300
2011-09-08,1.8150
2011-09-09,1.8160
2011-09-13,1.7980
2011-09-14,1.8020
2011-09-15,1.7950
2011-09-16,1.8000
2011-09-19,1.7650
2011-09-20,1.7730
2011-09-21,1.8240
2011-09-22,1.7660
2011-09-23,1.7550
2011-09-26,1.7050
2011-09-27,1.7260
2011-09-28,1.7110
2011-09-29,1.7050
2011-09-30,1.7010
2011-10-10,1.6860
2011-10-11,1.6910
2011-10-12,1.7540
2011-10-13,1.7630
2011-10-14,1.7610
2011-10-17,1.7730
2011-10-18,1.7250
2011-10-19,1.7240
2011-10-20,1.6890
2011-10-21,1.6920
2011-10-24,1.7450
2011-10-25,1.7680
2011-10-26,1.7810
2011-10-27,1.7900
2011-10-28,1.8230
2011-10-31,1.8070
2011-11-01,1.8110
2011-11-02,1.8410
2011-11-03,1.8350
2011-11-04,1.8470
2011-11-07,1.8250
2011-11-08,1.8240
2011-11-09,1.8370
2011-11-10,1.7970
2011-11-11,1.7950
2011-11-14,1.8310
2011-11-15,1.8230
2011-11-16,1.7700
2011-11-17,1.7620
2011-11-18,1.7350
2011-11-21,1.7360
2011-11-22,1.7370
2011-11-23,1.7150
2011-11-24,1.7190
2011-11-25,1.7060
2011-11-28,1.7080
2011-11-29,1.7300
2011-11-30,1.6770
2011-12-01,1.7270
2011-12-02,1.7190
2011-12-05,1.7090
2011-12-06,1.7040
2011-12-07,1.7180
2011-12-08,1.7170
2011-12-09,1.7070
2011-12-12,1.6940
2011-12-13,1.6610
2011-12-14,1.6520
2011-12-15,1.6130
2011-12-16,1.6430
2011-12-19,1.6390
2011-12-20,1.6390
2011-12-21,1.6180
2011-12-22,1.6230
2011-12-23,1.6320
2011-12-26,1.6160
2011-12-27,1.6050
2011-12-28,1.6090
2011-12-29,1.6110
2011-12-30,1.6320
2011-12-31,1.6320
2012-01-04,1.6090
2012-01-05,1.6110
2012-01-06,1.6230
2012-01-09,1.6740
2012-01-10,1.7210
2012-01-11,1.7090
2012-01-12,1.7170
2012-01-13,1.7020
2012-01-16,1.6780
2012-01-17,1.7530
2012-01-18,1.7310
2012-01-19,1.7670
2012-01-20,1.7920
2012-01-30,1.7600
2012-01-31,1.7610
2012-02-01,1.7300
2012-02-02,1.7780
2012-02-03,1.7880
2012-02-06,1.7810
2012-02-07,1.7480
2012-02-08,1.7990
2012-02-09,1.7940
2012-02-10,1.7940
2012-02-13,1.7840
2012-02-14,1.7750
2012-02-15,1.7890
2012-02-16,1.7770
2012-02-17,1.7810
2012-02-20,1.7840
2012-02-21,1.7940
2012-02-22,1.8100
2012-02-23,1.8140
2012-02-24,1.8410
2012-02-27,1.8430
2012-02-28,1.8530
2012-02-29,1.8370
2012-03-01,1.8330
2012-03-02,1.8580
2012-03-05,1.8420
2012-03-06,1.8080
2012-03-07,1.7910
2012-03-08,1.8120
2012-03-09,1.8260
2012-03-12,1.8110
2012-03-13,1.8270
2012-03-14,1.7910
2012-03-15,1.7750
2012-03-16,1.7940
2012-03-19,1.7920
2012-03-20,1.7690
2012-03-21,1.7720
2012-03-22,1.7740
2012-03-23,1.7620
2012-03-26,1.7640
2012-03-27,1.7620
2012-03-28,1.7220
2012-03-29,1.7020
2012-03-30,1.7190
2012-03-31,1.7190
2012-04-05,1.7480
2012-04-06,1.7500
2012-04-09,1.7340
2012-04-10,1.7480
2012-04-11,1.7470
2012-04-12,1.7820
2012-04-13,1.7880
2012-04-16,1.7810
2012-04-17,1.7610
2012-04-18,1.8000
2012-04-19,1.8020
2012-04-20,1.8260
2012-04-23,1.8110
2012-04-24,1.8200
2012-04-25,1.8300
2012-04-26,1.8340
2012-04-27,1.8340
2012-05-02,1.8740
2012-05-03,1.8760
2012-05-04,1.8880
2012-05-07,1.8790
2012-05-08,1.8760
2012-05-09,1.8430
2012-05-10,1.8430
2012-05-11,1.8290
2012-05-14,1.8130
2012-05-15,1.8140
2012-05-16,1.7770
2012-05-17,1.8030
2012-05-18,1.7790
2012-05-21,1.7880
2012-05-22,1.8140
2012-05-23,1.8050
2012-05-24,1.7930
2012-05-25,1.7800
2012-05-28,1.8050
2012-05-29,1.8280
2012-05-30,1.8220
2012-05-31,1.8110
2012-06-01,1.8140
2012-06-04,1.7670
2012-06-05,1.7700
2012-06-06,1.7750
2012-06-07,1.7680
2012-06-08,1.7500
2012-06-11,1.7700
2012-06-12,1.7600
2012-06-13,1.7860
2012-06-14,1.7740
2012-06-15,1.7880
2012-06-18,1.7960
2012-06-19,1.7840
2012-06-20,1.7850
2012-06-21,1.7570
2012-06-25,1.7260
2012-06-26,1.7290
2012-06-27,1.7230
2012-06-28,1.7100
2012-06-29,1.7370
2012-06-30,1.7370
2012-07-02,1.7360
2012-07-03,1.7400
2012-07-04,1.7430
2012-07-05,1.7260
2012-07-06,1.7430
2012-07-09,1.7000
2012-07-10,1.6960
2012-07-11,1.7050
2012-07-12,1.7140
2012-07-13,1.7190
2012-07-16,1.6910
2012-07-17,1.7030
2012-07-18,1.6980
2012-07-19,1.7090
2012-07-20,1.6930
2012-07-23,1.6640
2012-07-24,1.6690
2012-07-25,1.6630
2012-07-26,1.6590
2012-07-27,1.6650
2012-07-30,1.6610
2012-07-31,1.6660
2012-08-01,1.6810
2012-08-02,1.6710
2012-08-03,1.6790
2012-08-06,1.6960
2012-08-07,1.6950
2012-08-08,1.7010
2012-08-09,1.7100
2012-08-10,1.7030
2012-08-13,1.6700
2012-08-14,1.6710
2012-08-15,1.6470
2012-08-16,1.6420
2012-08-17,1.6430
2012-08-20,1.6330
2012-08-21,1.6350
2012-08-22,1.6280
2012-08-23,1.6340
2012-08-24,1.6250
2012-08-27,1.5930
2012-08-28,1.6060
2012-08-29,1.5900
2012-08-30,1.5960
2012-08-31,1.5870
2012-09-03,1.5990
2012-09-04,1.5860
2012-09-05,1.5750
2012-09-06,1.5890
2012-09-07,1.6590
2012-09-10,1.6600
2012-09-11,1.6450
2012-09-12,1.6480
2012-09-13,1.6370
2012-09-14,1.6540
2012-09-17,1.6210
2012-09-18,1.6040
2012-09-19,1.6080
2012-09-20,1.5790
2012-09-21,1.5850
2012-09-24,1.5930
2012-09-25,1.5930
2012-09-26,1.5800
2012-09-27,1.6270
2012-09-28,1.6530
2012-09-30,1.6530
2012-10-08,1.6360
2012-10-09,1.6680
2012-10-10,1.6650
2012-10-11,1.6550
2012-10-12,1.6580
2012-10-15,1.6530
2012-10-16,1.6540
2012-10-17,1.6570
2012-10-18,1.6790
2012-10-19,1.6770
2012-10-22,1.6820
2012-10-23,1.6640
2012-10-24,1.6620
2012-10-25,1.6510
2012-10-26,1.6230
2012-10-29,1.6090
2012-10-30,1.6140
2012-10-31,1.6250
2012-11-01,1.6560
2012-11-02,1.6650
2012-11-05,1.6630
2012-11-06,1.6580
2012-11-07,1.6560
2012-11-08,1.6290
2012-11-09,1.6290
2012-11-12,1.6380
2012-11-13,1.5750
2012-11-14,1.5820
2012-11-15,1.5630
2012-11-16,1.5510
2012-11-19,1.5500
2012-11-20,1.5400
2012-11-21,1.5630
2012-11-22,1.5540
2012-11-23,1.5690
2012-11-26,1.5630
2012-11-27,1.5530
2012-11-28,1.5410
2012-11-29,1.5320
2012-11-30,1.5470
2012-12-03,1.5310
2012-12-04,1.5450
2012-12-05,1.6020
2012-12-06,1.6000
2012-12-07,1.6350
2012-12-10,1.6530
2012-12-11,1.6450
2012-12-12,1.6560
2012-12-13,1.6350
2012-12-14,1.7270
2012-12-17,1.7370
2012-12-18,1.7430
2012-12-19,1.7420
2012-12-20,1.7510
2012-12-21,1.7370
2012-12-24,1.7460
2012-12-25,1.7970
2012-12-26,1.7990
2012-12-27,1.7850
2012-12-28,1.8150
2012-12-31,1.8550
2013-01-04,1.8680
2013-01-07,1.8770
2013-01-08,1.8550
2013-01-09,1.8520
2013-01-10,1.8520
2013-01-11,1.8160
2013-01-14,1.8880
2013-01-15,1.8950
2013-01-16,1.8730
2013-01-17,1.8520
2013-01-18,1.8840
2013-01-21,1.8950
2013-01-22,1.8940
2013-01-23,1.9060
2013-01-24,1.8960
2013-01-25,1.8830
2013-01-28,1.9520
2013-01-29,1.9770
2013-01-30,1.9830
2013-01-31,1.9870
2013-02-01,2.0480
2013-02-04,2.0590
2013-02-05,2.0630
2013-02-06,2.0730
2013-02-07,2.0450
2013-02-08,2.0380
2013-02-18,2.0100
2013-02-19,1.9770
2013-02-20,1.9750
2013-02-21,1.8960
2013-02-22,1.8830
2013-02-25,1.8900
2013-02-26,1.8650
2013-02-27,1.8890
2013-02-28,1.9550
2013-03-01,1.9430
2013-03-04,1.8430
2013-03-05,1.9170
2013-03-06,1.9330
2013-03-07,1.9020
2013-03-08,1.9010
2013-03-11,1.8790
2013-03-12,1.8550
2013-03-13,1.8360
2013-03-14,1.8380
2013-03-15,1.8420
2013-03-18,1.8120
2013-03-19,1.8320
2013-03-20,1.9060
2013-03-21,1.9020
2013-03-22,1.9040
2013-03-25,1.9020
2013-03-26,1.8610
2013-03-27,1.8690
2013-03-28,1.7920
2013-03-29,1.7940
2013-04-01,1.7850
2013-04-02,1.7840
2013-04-03,1.7900
2013-04-08,1.7740
2013-04-09,1.7900
2013-04-10,1.7890
2013-04-11,1.7850
2013-04-12,1.7760
2013-04-15,1.7610
2013-04-16,1.7740
2013-04-17,1.7630
2013-04-18,1.7690
2013-04-19,1.8280
2013-04-22,1.8240
2013-04-23,1.7610
2013-04-24,1.7940
2013-04-25,1.7790
2013-04-26,1.7670
2013-05-02,1.7640
2013-05-03,1.7960
2013-05-06,1.8170
2013-05-07,1.8180
2013-05-08,1.8240
2013-05-09,1.8080
2013-05-10,1.8190
2013-05-13,1.8100
2013-05-14,1.7860
2013-05-15,1.7900
2013-05-16,1.8210
2013-05-17,1.8440
2013-05-20,1.8620
2013-05-21,1.8520
2013-05-22,1.8580
2013-05-23,1.8240
2013-05-24,1.8300
2013-05-27,1.8280
2013-05-28,1.8710
2013-05-29,1.8620
2013-05-30,1.8570
2013-05-31,1.8430
2013-06-03,1.8450
2013-06-04,1.8260
2013-06-05,1.8150
2013-06-06,1.7940
2013-06-07,1.7730
2013-06-13,1.7210
2013-06-14,1.7250
2013-06-17,1.7130
2013-06-18,1.7250
2013-06-19,1.7090
2013-06-20,1.6540
2013-06-21,1.6550
2013-06-24,1.5470
2013-06-25,1.5490
2013-06-26,1.5340
2013-06-27,1.5390
2013-06-28,1.5830
2013-06-30,1.5830
2013-07-01,1.5800
2013-07-02,1.5720
2013-07-03,1.5560
2013-07-04,1.5700
2013-07-05,1.5780
2013-07-08,1.5440
2013-07-09,1.5430
2013-07-10,1.5860
2013-07-11,1.6800
2013-07-12,1.6310
2013-07-15,1.6490
2013-07-16,1.6500
2013-07-17,1.6270
2013-07-18,1.5940
2013-07-19,1.5550
2013-07-22,1.5600
2013-07-23,1.6030
2013-07-24,1.5800
2013-07-25,1.5790
2013-07-26,1.5710
2013-07-29,1.5320
2013-07-30,1.5490
2013-07-31,1.5530
2013-08-01,1.5880
2013-08-02,1.5860
2013-08-05,1.6040
2013-08-06,1.6060
2013-08-07,1.6000
2013-08-08,1.5950
2013-08-09,1.6040
2013-08-12,1.6630
2013-08-13,1.6720
2013-08-14,1.6620
2013-08-15,1.6470
2013-08-16,1.6450
2013-08-19,1.6610
2013-08-20,1.6470
2013-08-21,1.6400
2013-08-22,1.6350
2013-08-23,1.6180
2013-08-26,1.6540
2013-08-27,1.6550
2013-08-28,1.6460
2013-08-29,1.6420
2013-08-30,1.6440
2013-09-02,1.6460
2013-09-03,1.6690
2013-09-04,1.6680
2013-09-05,1.6630
2013-09-06,1.6810
2013-09-09,1.7710
2013-09-10,1.7980
2013-09-11,1.8010
2013-09-12,1.8330
2013-09-13,1.8080
2013-09-16,1.7960
2013-09-17,1.7550
2013-09-18,1.7570
2013-09-23,1.7700
2013-09-24,1.7300
2013-09-25,1.7170
2013-09-26,1.6880
2013-09-27,1.6950
2013-09-30,1.6990
2013-10-08,1.7150
2013-10-09,1.7240
2013-10-10,1.6920
2013-10-11,1.7240
2013-10-14,1.7170
2013-10-15,1.7110
2013-10-16,1.6880
2013-10-17,1.6810
2013-10-18,1.6910
2013-10-21,1.7120
2013-10-22,1.6940
2013-10-23,1.6920
2013-10-24,1.6750
2013-10-25,1.6650
2013-10-28,1.6640
2013-10-29,1.6880
2013-10-30,1.7080
2013-10-31,1.6850
2013-11-01,1.6990
2013-11-04,1.6930
2013-11-05,1.6870
2013-11-06,1.6680
2013-11-07,1.6640
2013-11-08,1.6390
2013-11-11,1.6430
2013-11-12,1.6630
2013-11-13,1.6200
2013-11-14,1.6230
2013-11-15,1.6020
2013-11-18,1.6710
2013-11-19,1.6550
2013-11-20,1.6590
2013-11-21,1.6440
2013-11-22,1.6380
2013-11-25,1.6290
2013-11-26,1.6270
2013-11-27,1.6440
2013-11-28,1.6600
2013-11-29,1.6560
2013-12-02,1.6740
2013-12-03,1.6770
2013-12-04,1.6940
2013-12-05,1.6870
2013-12-06,1.6700
2013-12-09,1.6660
2013-12-10,1.6660
2013-12-11,1.6350
2013-12-12,1.6290
2013-12-13,1.6240
2013-12-16,1.6000
2013-12-17,1.5960
2013-12-18,1.5980
2013-12-19,1.5790
2013-12-20,1.5370
2013-12-23,1.5400
2013-12-24,1.5390
2013-12-25,1.5470
2013-12-26,1.5250
2013-12-27,1.5490
2013-12-30,1.5460
2013-12-31,1.5730
2014-01-02,1.5590
2014-01-03,1.5340
2014-01-06,1.5110
2014-01-07,1.5090
2014-01-08,1.5130
2014-01-09,1.5020
2014-01-10,1.4960
2014-01-13,1.4930
2014-01-14,1.4970
2014-01-15,1.4870
2014-01-16,1.4910
2014-01-17,1.4740
2014-01-20,1.4630
2014-01-21,1.4770
2014-01-22,1.5120
2014-01-23,1.4970
2014-01-24,1.5000
2014-01-27,1.4770
2014-01-28,1.4860
2014-01-29,1.4930
2014-01-30,1.4750
2014-02-07,1.4740
2014-02-10,1.5030
2014-02-11,1.5250
2014-02-12,1.5240
2014-02-13,1.5260
2014-02-14,1.5320
2014-02-17,1.5350
2014-02-18,1.5060
2014-02-19,1.5310
2014-02-20,1.5180
2014-02-21,1.5030
2014-02-24,1.4660
2014-02-25,1.4390
2014-02-26,1.4430
2014-02-27,1.4510
2014-02-28,1.4620
2014-03-03,1.4600
2014-03-04,1.4620
2014-03-05,1.4460
2014-03-06,1.4570
2014-03-07,1.4540
2014-03-10,1.4080
2014-03-11,1.4120
2014-03-12,1.4180
2014-03-13,1.4360
2014-03-14,1.4250
2014-03-17,1.4330
2014-03-18,1.4260
2014-03-19,1.4180
2014-03-20,1.4060
2014-03-21,1.4620
2014-03-24,1.4760
2014-03-25,1.4680
2014-03-26,1.4650
2014-03-27,1.4620
2014-03-28,1.4700
2014-03-31,1.4640
2014-04-01,1.4710
2014-04-02,1.4890
2014-04-03,1.4760
2014-04-04,1.4880
2014-04-08,1.5320
2014-04-09,1.5280
2014-04-10,1.5660
2014-04-11,1.5610
2014-04-14,1.5540
2014-04-15,1.5200
2014-04-16,1.5230
2014-04-17,1.5170
2014-04-18,1.5180
2014-04-21,1.4910
2014-04-22,1.5060
2014-04-23,1.5040
2014-04-24,1.5070
2014-04-25,1.4980
2014-04-28,1.4810
2014-04-29,1.4930
2014-04-30,1.4910
2014-05-05,1.4840
2014-05-06,1.4810
2014-05-07,1.4720
2014-05-08,1.4750
2014-05-09,1.4770
2014-05-12,1.5040
2014-05-13,1.4990
2014-05-14,1.4960
2014-05-15,1.4840
2014-05-16,1.4840
2014-05-19,1.4560
2014-05-20,1.4570
2014-05-21,1.4700
2014-05-22,1.4690
2014-05-23,1.4810
2014-05-26,1.4830
2014-05-27,1.4770
2014-05-28,1.4880
2014-05-29,1.4810
2014-05-30,1.4790
2014-06-03,1.4750
2014-06-04,1.4640
2014-06-05,1.4820
2014-06-06,1.4700
2014-06-09,1.4730
2014-06-10,1.4900
2014-06-11,1.4860
2014-06-12,1.4810
2014-06-13,1.5000
2014-06-16,1.5160
2014-06-17,1.5010
2014-06-18,1.4950
2014-06-19,1.4780
2014-06-20,1.4870
2014-06-23,1.4810
2014-06-24,1.4890
2014-06-25,1.4820
2014-06-26,1.4900
2014-06-27,1.4870
2014-06-30,1.4960
2014-07-01,1.4950
2014-07-02,1.4990
2014-07-03,1.5070
2014-07-04,1.5090
2014-07-07,1.5100
2014-07-08,1.5090
2014-07-09,1.4920
2014-07-10,1.4900
2014-07-11,1.4960
2014-07-14,1.5120
2014-07-15,1.5140
2014-07-16,1.5140
2014-07-17,1.5070
2014-07-18,1.5160
2014-07-21,1.5170
2014-07-22,1.5330
2014-07-23,1.5440
2014-07-24,1.5800
2014-07-25,1.5950
2014-07-28,1.6470
2014-07-29,1.6500
2014-07-30,1.6420
2014-07-31,1.6630
2014-08-01,1.6490
2014-08-04,1.6850
2014-08-05,1.6730
2014-08-06,1.6590
2014-08-07,1.6340
2014-08-08,1.6370
2014-08-11,1.6600
2014-08-12,1.6490
2014-08-13,1.6510
2014-08-14,1.6370
2014-08-15,1.6530
2014-08-18,1.6540
2014-08-19,1.6500
2014-08-20,1.6420
2014-08-21,1.6290
2014-08-22,1.6350
2014-08-25,1.6190
2014-08-26,1.6150
2014-08-27,1.6140
2014-08-28,1.6050
2014-08-29,1.6220
2014-09-01,1.6270
2014-09-02,1.6480
2014-09-03,1.6650
2014-09-04,1.6780
2014-09-05,1.6970
2014-09-09,1.6860
2014-09-10,1.6710
2014-09-11,1.6630
2014-09-12,1.6720
2014-09-15,1.6660
2014-09-16,1.6430
2014-09-17,1.6470
2014-09-18,1.6520
2014-09-19,1.6620
2014-09-22,1.6260
2014-09-23,1.6380
2014-09-24,1.6680
2014-09-25,1.6610
2014-09-26,1.6580
2014-09-29,1.6640
2014-09-30,1.6620
2014-10-08,1.6760
2014-10-09,1.6760
2014-10-10,1.6640
2014-10-13,1.6480
2014-10-14,1.6430
2014-10-15,1.6550
2014-10-16,1.6510
2014-10-17,1.6510
2014-10-20,1.6550
2014-10-21,1.6430
2014-10-22,1.6400
2014-10-23,1.6290
2014-10-24,1.6260
2014-10-27,1.6030
2014-10-28,1.6280
2014-10-29,1.6510
2014-10-30,1.6620
2014-10-31,1.7010
2014-11-03,1.6940
2014-11-04,1.6890
2014-11-05,1.6820
2014-11-06,1.6800
2014-11-07,1.6840
2014-11-10,1.7330
2014-11-11,1.7550
2014-11-12,1.7740
2014-11-13,1.7700
2014-11-14,1.7710
2014-11-17,1.7080
2014-11-18,1.6790
2014-11-19,1.6720
2014-11-20,1.6770
2014-11-21,1.7140
2014-11-24,1.7560
2014-11-25,1.7740
2014-11-26,1.8150
2014-11-27,1.8490
2014-11-28,1.9100
2014-12-01,1.9170
2014-12-02,2.0170
2014-12-03,2.0320
2014-12-04,2.1500
2014-12-05,2.1880
2014-12-08,2.2830
2014-12-09,2.1680
2014-12-10,2.2340
2014-12-11,2.1790
2014-12-12,2.1780
2014-12-15,2.1830
2014-12-16,2.2760
2014-12-17,2.3540
2014-12-18,2.3350
2014-12-19,2.3590
2014-12-22,2.3990
2014-12-23,2.3500
2014-12-24,2.2530
2014-12-25,2.3380
2014-12-26,2.4350
2014-12-29,2.4520
2014-12-30,2.4910
2014-12-31,2.5460
2015-01-05,2.6110
2015-01-06,2.5890
2015-01-07,2.5900
2015-01-08,2.5130
2015-01-09,2.5220
2015-01-12,2.5010
2015-01-13,2.4860
2015-01-14,2.4920
2015-01-15,2.5860
2015-01-16,2.6040
2015-01-19,2.3700
2015-01-20,2.3650
2015-01-21,2.5000
2015-01-22,2.5040
2015-01-23,2.5230
2015-01-26,2.5210
2015-01-27,2.4830
2015-01-28,2.4460
2015-01-29,2.4020
2015-01-30,2.3670
2015-02-02,2.2990
2015-02-03,2.3690
2015-02-04,2.3380
2015-02-05,2.3170
2015-02-06,2.2930
2015-02-09,2.3330
2015-02-10,2.3690
2015-02-11,2.3810
2015-02-12,2.3830
2015-02-13,2.3930
2015-02-16,2.3960
2015-02-17,2.4100
2015-02-25,2.3720
2015-02-26,2.4430
2015-02-27,2.4410
2015-03-02,2.4440
2015-03-03,2.3630
2015-03-04,2.3650
2015-03-05,2.3350
2015-03-06,2.3390
2015-03-09,2.3950
2015-03-10,2.3620
2015-03-11,2.3750
2015-03-12,2.4490
2015-03-13,2.4590
2015-03-16,2.5130
2015-03-17,2.5440
2015-03-18,2.6090
2015-03-19,2.5900
2015-03-20,2.6390
2015-03-23,2.6780
2015-03-24,2.6420
2015-03-25,2.6080
2015-03-26,2.6450
2015-03-27,2.6470
2015-03-30,2.7400
2015-03-31,2.7110
2015-04-01,2.7550
2015-04-02,2.7370
2015-04-03,2.7730
2015-04-07,2.8430
2015-04-08,2.9040
2015-04-09,2.8840
2015-04-10,2.9370
2015-04-13,2.9900
2015-04-14,3.0010
2015-04-15,3.0020
2015-04-16,3.1280
2015-04-17,3.1770
2015-04-20,3.1090
2015-04-21,3.1570
2015-04-22,3.2400
2015-04-23,3.2150
2015-04-24,3.1670
2015-04-27,3.2490
2015-04-28,3.2240
2015-04-29,3.2240
2015-04-30,3.1940
2015-05-04,3.2140
2015-05-05,3.0950
2015-05-06,3.0860
2015-05-07,3.0430
2015-05-08,3.0580
2015-05-11,3.1150
2015-05-12,3.1330
2015-05-13,3.0880
2015-05-14,3.0750
2015-05-15,3.0100
2015-05-18,2.9500
2015-05-19,3.0630
2015-05-20,3.0760
2015-05-21,3.1030
2015-05-22,3.1970
2015-05-25,3.2920
2015-05-26,3.3260
2015-05-27,3.2900
2015-05-28,3.0800
2015-05-29,3.0670
2015-06-01,3.1960
2015-06-02,3.2090
2015-06-03,3.1950
2015-06-04,3.2540
2015-06-05,3.2580
2015-06-08,3.4100
2015-06-09,3.3670
2015-06-10,3.3270
2015-06-11,3.3060
2015-06-12,3.3100
2015-06-15,3.2240
2015-06-16,3.1480
2015-06-17,3.1790
2015-06-18,3.0380
2015-06-19,2.8790
2015-06-23,2.9820
2015-06-24,3.0240
2015-06-25,2.9230
2015-06-26,2.7170
2015-06-29,2.6560
2015-06-30,2.8470
2015-07-01,2.7150
2015-07-02,2.6930
2015-07-03,2.5720
2015-07-06,2.7390
2015-07-07,2.8050
2015-07-08,2.6050
2015-07-09,2.7740
2015-07-10,2.8930
2015-07-13,2.8640
2015-07-14,2.7590
2015-07-15,2.7540
2015-07-16,2.7390
2015-07-17,2.8040
2015-07-20,2.7810
2015-07-21,2.7700
2015-07-22,2.7400
2015-07-23,2.7910
2015-07-24,2.7410
2015-07-27,2.4960
2015-07-28,2.4880
2015-07-29,2.5340
2015-07-30,2.4700
2015-07-31,2.4640
2015-08-03,2.4830
2015-08-04,2.5370
2015-08-05,2.4900
2015-08-06,2.4700
2015-08-07,2.5060
2015-08-10,2.6180
2015-08-11,2.5910
2015-08-12,2.5610
2015-08-13,2.5810
2015-08-14,2.5780
2015-08-17,2.5520
2015-08-18,2.4100
2015-08-19,2.4320
2015-08-20,2.3600
2015-08-21,2.2750
2015-08-24,2.0630
2015-08-25,1.9210
2015-08-26,1.9490
2015-08-27,2.0990
2015-08-28,2.1630
2015-08-31,2.2130
2015-09-01,2.2320
2015-09-02,2.2460
2015-09-07,2.1370
2015-09-08,2.1830
2015-09-09,2.2140
2015-09-10,2.2120
2015-09-11,2.1990
2015-09-14,2.2310
2015-09-15,2.1790
2015-09-16,2.2440
2015-09-17,2.1980
2015-09-18,2.2020
2015-09-21,2.2170
2015-09-22,2.2400
2015-09-23,2.1830
2015-09-24,2.1920
2015-09-25,2.1870
2015-09-28,2.1740
2015-09-29,2.1320
2015-09-30,2.1510
2015-10-08,2.1950
2015-10-09,2.2220
2015-10-12,2.2850
2015-10-13,2.2730
2015-10-14,2.2560
2015-10-15,2.2990
2015-10-16,2.3240
2015-10-19,2.3190
2015-10-20,2.3370
2015-10-21,2.3400
2015-10-22,2.3320
2015-10-23,2.3430
2015-10-26,2.3490
2015-10-27,2.3490
2015-10-28,2.3110
2015-10-29,2.3070
2015-10-30,2.3130
2015-11-02,2.2810
2015-11-03,2.2730
2015-11-04,2.3690
2015-11-05,2.4370
2015-11-06,2.4890
2015-11-09,2.5280
2015-11-10,2.5170
2015-11-11,2.5000
2015-11-12,2.4720
2015-11-13,2.4440
2015-11-16,2.4430
2015-11-17,2.4490
2015-11-18,2.4360
2015-11-19,2.4640
2015-11-20,2.4620
2015-11-23,2.4530
2015-11-24,2.4440
2015-11-25,2.4550
2015-11-26,2.4470
2015-11-27,2.3340
2015-11-30,2.3350
2015-12-01,2.3440
2015-12-02,2.4550
2015-12-03,2.4580
2015-12-04,2.3950
2015-12-07,2.3930
2015-12-08,2.3630
2015-12-09,2.3680
2015-12-10,2.3560
2015-12-11,2.3420
2015-12-14,2.4100
2015-12-15,2.3810
2015-12-16,2.3740
2015-12-17,2.4050
2015-12-18,2.4200
2015-12-21,2.4950
2015-12-22,2.4910
2015-12-23,2.4970
2015-12-24,2.4770
2015-12-25,2.4880
2015-12-28,2.4110
2015-12-29,2.4310
2015-12-30,2.4310
2015-12-31,2.4190
2016-01-04,2.2720
2016-01-05,2.2890
2016-01-06,2.3180
2016-01-07,2.1840
2016-01-08,2.2220
2016-01-11,2.1250
2016-01-12,2.1350
2016-01-13,2.1100
2016-01-14,2.1360
2016-01-15,2.0760
2016-01-18,2.0740
2016-01-19,2.1320
2016-01-20,2.0930
2016-01-21,2.0460
2016-01-22,2.0660
2016-01-25,2.0700
2016-01-26,1.9580
2016-01-27,1.9590
2016-01-28,1.9190
2016-01-29,1.9790
2016-02-01,1.9420
2016-02-02,1.9730
2016-02-03,1.9560
2016-02-04,1.9770
2016-02-05,1.9700
2016-02-15,1.9510
2016-02-16,2.0030
2016-02-17,2.0170
2016-02-18,2.0110
2016-02-19,2.0060
2016-02-22,2.0550
2016-02-23,2.0310
2016-02-24,2.0430
2016-02-25,1.9350
2016-02-26,1.9590
2016-02-29,1.9480
2016-03-01,1.9770
2016-03-02,2.0460
2016-03-03,2.0560
2016-03-04,2.1240
2016-03-07,2.1090
2016-03-08,2.1170
2016-03-09,2.1130
2016-03-10,2.0640
2016-03-11,2.0730
2016-03-14,2.0800
2016-03-15,2.1020
2016-03-16,2.1370
2016-03-17,2.1320
2016-03-18,2.1420
2016-03-21,2.1930
2016-03-22,2.1730
2016-03-23,2.1750
2016-03-24,2.1380
2016-03-25,2.1490
2016-03-28,2.1230
2016-03-29,2.1080
2016-03-30,2.1570
2016-03-31,2.1560
2016-04-01,2.1670
2016-04-05,2.1790
2016-04-06,2.1670
2016-04-07,2.1390
2016-04-08,2.1240
2016-04-11,2.1480
2016-04-12,2.1430
2016-04-13,2.1700
2016-04-14,2.1780
2016-04-15,2.1810
2016-04-18,2.1570
2016-04-19,2.1630
2016-04-20,2.1540
2016-04-21,2.1470
2016-04-22,2.1570
2016-04-25,2.1470
2016-04-26,2.1550
2016-04-27,2.1440
2016-04-28,2.1410
2016-04-29,2.1350
2016-05-03,2.1570
2016-05-04,2.1520
2016-05-05,2.1520
2016-05-06,2.1080
2016-05-09,2.0730
2016-05-10,2.0730
2016-05-11,2.0790
2016-05-12,2.0860
2016-05-13,2.0770
2016-05-16,2.0830
2016-05-17,2.0780
2016-05-18,2.0810
2016-05-19,2.0760
2016-05-20,2.0850
2016-05-23,2.0840
2016-05-24,2.0690
2016-05-25,2.0740
2016-05-26,2.0780
2016-05-27,2.0770
2016-05-30,2.0940
2016-05-31,2.1570
2016-06-01,2.1400
2016-06-02,2.1390
2016-06-03,2.1540
2016-06-06,2.1420
2016-06-07,2.1450
2016-06-08,2.1390
2016-06-13,2.0930
2016-06-14,2.1030
2016-06-15,2.1130
2016-06-16,2.1040
2016-06-17,2.1120
2016-06-20,2.1140
2016-06-21,2.1140
2016-06-22,2.1250
2016-06-23,2.1180
2016-06-24,2.0940
2016-06-27,2.1130
2016-06-28,2.1190
2016-06-29,2.1390
2016-06-30,2.1390
2016-07-01,2.1460
2016-07-04,2.1800
2016-07-05,2.1870
2016-07-06,2.1860
2016-07-07,2.1900
2016-07-08,2.1790
2016-07-11,2.1880
2016-07-12,2.2310
2016-07-13,2.2380
2016-07-14,2.2360
2016-07-15,2.2350
2016-07-18,2.2310
2016-07-19,2.2190
2016-07-20,2.2110
2016-07-21,2.2220
2016-07-22,2.2020
2016-07-25,2.2050
2016-07-26,2.2270
2016-07-27,2.2190
2016-07-28,2.2090
2016-07-29,2.2000
2016-08-01,2.1920
2016-08-02,2.1930
2016-08-03,2.1900
2016-08-04,2.1880
2016-08-05,2.1950
2016-08-08,2.2060
2016-08-09,2.2220
2016-08-10,2.2170
2016-08-11,2.2260
2016-08-12,2.2720
2016-08-15,2.3370
2016-08-16,2.3070
2016-08-17,2.3030
2016-08-18,2.2940
2016-08-19,2.3010
2016-08-22,2.2880
2016-08-23,2.2930
2016-08-24,2.2830
2016-08-25,2.2730
2016-08-26,2.2710
2016-08-29,2.2650
2016-08-30,2.2750
2016-08-31,2.2840
2016-09-01,2.2720
2016-09-02,2.2810
2016-09-05,2.2810
2016-09-06,2.2850
2016-09-07,2.2890
2016-09-08,2.2890
2016-09-09,2.2820
2016-09-12,2.2530
2016-09-13,2.2460
2016-09-14,2.2290
2016-09-19,2.2420
2016-09-20,2.2360
2016-09-21,2.2400
2016-09-22,2.2530
2016-09-23,2.2490
2016-09-26,2.2210
2016-09-27,2.2300
2016-09-28,2.2200
2016-09-29,2.2290
2016-09-30,2.2310
2016-10-10,2.2570
2016-10-11,2.2630
2016-10-12,2.2550
2016-10-13,2.2560
2016-10-14,2.2640
2016-10-17,2.2470
2016-10-18,2.2770
2016-10-19,2.2750
2016-10-20,2.2770
2016-10-21,2.2950
2016-10-24,2.3250
2016-10-25,2.3210
2016-10-26,2.3110
2016-10-27,2.3040
2016-10-28,2.3080
2016-10-31,2.3040
2016-11-01,2.3180
2016-11-02,2.2990
2016-11-03,2.3280
2016-11-04,2.3260
2016-11-07,2.3310
2016-11-08,2.3360
2016-11-09,2.3180
2016-11-10,2.3440
2016-11-11,2.3630
2016-11-14,2.3720
2016-11-15,2.3650
2016-11-16,2.3640
2016-11-17,2.3710
2016-11-18,2.3610
2016-11-21,2.3890
2016-11-22,2.4070
2016-11-23,2.4150
2016-11-24,2.4230
2016-11-25,2.4490
2016-11-28,2.4580
2016-11-29,2.4430
2016-11-30,2.4210
2016-12-01,2.4320
2016-12-02,2.4180
2016-12-05,2.3770
2016-12-06,2.3700
2016-12-07,2.3780
2016-12-08,2.3800
2016-12-09,2.4120
2016-12-12,2.3890
2016-12-13,2.3740
2016-12-14,2.3620
2016-12-15,2.3120
2016-12-16,2.3050
2016-12-19,2.2950
2016-12-20,2.2830
2016-12-21,2.3000
2016-12-22,2.2950
2016-12-23,2.2820
2016-12-26,2.2980
2016-12-27,2.2900
2016-12-28,2.2810
2016-12-29,2.2780
2016-12-30,2.2900
2016-12-31,2.2900
2017-01-03,2.3100
2017-01-04,2.3240
2017-01-05,2.3250
2017-01-06,2.3120
2017-01-09,2.3210
2017-01-10,2.3150
2017-01-11,2.3030
2017-01-12,2.2980
2017-01-13,2.3110
2017-01-16,2.3400
2017-01-17,2.3320
2017-01-18,2.3450
2017-01-19,2.3370
2017-01-20,2.3490
2017-01-23,2.3490
2017-01-24,2.3540
2017-01-25,2.3600
2017-01-26,2.3650
2017-02-03,2.3410
2017-02-06,2.3450
2017-02-07,2.3390
2017-02-08,2.3470
2017-02-09,2.3550
2017-02-10,2.3680
2017-02-13,2.3790
2017-02-14,2.3730
2017-02-15,2.3720
2017-02-16,2.3770
2017-02-17,2.3630
2017-02-20,2.3930
2017-02-21,2.3960
2017-02-22,2.3970
2017-02-23,2.3870
2017-02-24,2.3890
2017-02-27,2.3700
2017-02-28,2.3700
2017-03-01,2.3710
2017-03-02,2.3550
2017-03-03,2.3470
2017-03-06,2.3500
2017-03-07,2.3560
2017-03-08,2.3580
2017-03-09,2.3460
2017-03-10,2.3390
2017-03-13,2.3540
2017-03-14,2.3540
2017-03-15,2.3570
2017-03-16,2.3680
2017-03-17,2.3460
2017-03-20,2.3490
2017-03-21,2.3560
2017-03-22,2.3370
2017-03-23,2.3460
2017-03-24,2.3640
2017-03-27,2.3630
2017-03-28,2.3550
2017-03-29,2.3520
2017-03-30,2.3460
2017-03-31,2.3590
2017-04-05,2.3830
2017-04-06,2.3890
2017-04-07,2.3870
2017-04-10,2.3780
2017-04-11,2.3810
2017-04-12,2.3770
2017-04-13,2.3670
2017-04-14,2.3540
2017-04-17,2.3560
2017-04-18,2.3360
2017-04-19,2.3240
2017-04-20,2.3340
2017-04-21,2.3460
2017-04-24,2.3400
2017-04-25,2.3430
2017-04-26,2.3430
2017-04-27,2.3500
2017-04-28,2.3450
2017-05-02,2.3350
2017-05-03,2.3280
2017-05-04,2.3240
2017-05-05,2.3190
2017-05-08,2.3250
2017-05-09,2.3160
2017-05-10,2.3230
2017-05-11,2.3380
2017-05-12,2.3730
2017-05-15,2.3790
2017-05-16,2.3790
2017-05-17,2.3610
2017-05-18,2.3520
2017-05-19,2.3590
2017-05-22,2.3790
2017-05-23,2.4090
2017-05-24,2.4040
2017-05-25,2.4710
2017-05-26,2.4680
2017-05-31,2.4760
2017-06-01,2.4930
2017-06-02,2.4720
2017-06-05,2.4470
2017-06-06,2.4630
2017-06-07,2.4800
2017-06-08,2.5030
2017-06-09,2.5160
2017-06-12,2.5180
2017-06-13,2.5120
2017-06-14,2.4840
2017-06-15,2.4680
2017-06-16,2.4640
2017-06-19,2.4960
2017-06-20,2.4860
2017-06-21,2.5090
2017-06-22,2.5290
2017-06-23,2.5410
2017-06-26,2.5550
2017-06-27,2.5670
2017-06-28,2.5500
2017-06-29,2.5660
2017-06-30,2.5630
2017-07-03,2.5480
2017-07-04,2.5240
2017-07-05,2.5620
2017-07-06,2.5710
2017-07-07,2.5670
2017-07-10,2.5770
2017-07-11,2.6040
2017-07-12,2.6000
2017-07-13,2.6400
2017-07-14,2.6640
2017-07-17,2.6730
2017-07-18,2.6660
2017-07-19,2.7010
2017-07-20,2.7090
2017-07-21,2.6830
2017-07-24,2.6990
2017-07-25,2.6870
2017-07-26,2.6800
2017-07-27,2.6820
2017-07-28,2.6820
2017-07-31,2.6830
2017-08-01,2.7280
2017-08-02,2.7280
2017-08-03,2.6930
2017-08-04,2.6750
2017-08-07,2.6810
2017-08-08,2.6830
2017-08-09,2.6680
2017-08-10,2.6590
2017-08-11,2.6180
2017-08-14,2.6400
2017-08-15,2.6540
2017-08-16,2.6430
2017-08-17,2.6520
2017-08-18,2.6630
2017-08-21,2.6660
2017-08-22,2.6930
2017-08-23,2.7100
2017-08-24,2.6960
2017-08-25,2.7570
2017-08-28,2.7880
2017-08-29,2.7900
2017-08-30,2.7790
2017-08-31,2.7650
2017-09-01,2.7610
2017-09-04,2.7650
2017-09-05,2.7830
2017-09-06,2.7680
2017-09-07,2.7450
2017-09-08,2.7390
2017-09-11,2.7270
2017-09-12,2.7450
2017-09-13,2.7400
2017-09-14,2.7250
2017-09-15,2.7210
2017-09-18,2.7260
2017-09-19,2.7230
2017-09-20,2.7150
2017-09-21,2.7280
2017-09-22,2.7320
2017-09-25,2.7330
2017-09-26,2.7330
2017-09-27,2.7150
2017-09-28,2.7150
2017-09-29,2.7260
2017-10-09,2.7460
2017-10-10,2.7500
2017-10-11,2.7620
2017-10-12,2.7730
2017-10-13,2.7680
2017-10-16,2.7810
2017-10-17,2.7780
2017-10-18,2.8080
2017-10-19,2.8110
2017-10-20,2.7920
2017-10-23,2.7890
2017-10-24,2.8080
2017-10-25,2.8070
2017-10-26,2.8260
2017-10-27,2.8700
2017-10-30,2.8650
2017-10-31,2.8490
2017-11-01,2.8440
2017-11-02,2.8490
2017-11-03,2.8560
2017-11-06,2.8470
2017-11-07,2.8770
2017-11-08,2.8750
2017-11-09,2.8880
2017-11-10,2.9180
2017-11-13,2.9290
2017-11-14,2.9170
2017-11-15,2.9050
2017-11-16,2.9350
2017-11-17,2.9960
2017-11-20,2.9980
2017-11-21,3.0450
2017-11-22,3.0700
2017-11-23,2.9970
2017-11-24,2.9930
2017-11-27,2.9730
2017-11-28,2.8990
2017-11-29,2.8940
2017-11-30,2.8650
2017-12-01,2.8430
2017-12-04,2.8620
2017-12-05,2.9110
2017-12-06,2.8750
2017-12-07,2.8480
2017-12-08,2.8660
2017-12-11,2.8990
2017-12-12,2.8500
2017-12-13,2.8720
2017-12-14,2.8490
2017-12-15,2.8200
2017-12-18,2.8280
2017-12-19,2.8720
2017-12-20,2.8790
2017-12-21,2.8940
2017-12-22,2.8800
2017-12-25,2.8790
2017-12-26,2.8930
2017-12-27,2.8380
2017-12-28,2.8580
2017-12-29,2.8590
2017-12-31,2.8590
2018-01-02,2.9070
2018-01-03,2.9120
2018-01-04,2.9180
2018-01-05,2.9310
2018-01-08,2.9460
2018-01-09,2.9670
2018-01-10,2.9940
2018-01-11,2.9950
2018-01-12,3.0160
2018-01-15,3.0460
2018-01-16,3.0610
2018-01-17,3.0740
2018-01-18,3.1040
2018-01-19,3.1150
2018-01-22,3.1270
2018-01-23,3.1730
2018-01-24,3.1770
2018-01-25,3.1540
2018-01-26,3.1710
2018-01-29,3.1180
2018-01-30,3.0770
2018-01-31,3.1150
2018-02-01,3.1390
2018-02-02,3.1470
2018-02-05,3.1790
2018-02-06,3.1150
2018-02-07,3.0270
2018-02-08,2.9430
2018-02-09,2.8080
2018-02-12,2.8020
2018-02-13,2.8500
2018-02-14,2.8680
2018-02-22,2.9280
2018-02-23,2.9530
2018-02-26,2.9700
2018-02-27,2.9230
2018-02-28,2.8750
2018-03-01,2.8870
2018-03-02,2.8600
2018-03-05,2.8600
2018-03-06,2.8880
2018-03-07,2.8740
2018-03-08,2.8940
2018-03-09,2.9040
2018-03-12,2.9050
2018-03-13,2.8790
2018-03-14,2.8670
2018-03-15,2.8900
2018-03-16,2.8660
2018-03-19,2.8920
2018-03-20,2.8990
2018-03-21,2.8890
2018-03-22,2.8610
2018-03-23,2.7860
2018-03-26,2.7340
2018-03-27,2.7420
2018-03-28,2.6900
2018-03-29,2.7330
2018-03-30,2.7170
2018-04-02,2.7060
2018-04-03,2.6920
2018-04-04,2.6970
2018-04-09,2.7100
2018-04-10,2.7750
2018-04-11,2.7790
2018-04-12,2.7440
2018-04-13,2.7200
2018-04-16,2.6590
2018-04-17,2.6300
2018-04-18,2.6480
2018-04-19,2.6760
2018-04-20,2.6410
2018-04-23,2.6590
2018-04-24,2.7160
2018-04-25,2.6960
2018-04-26,2.6600
2018-04-27,2.6470
2018-05-02,2.6460
2018-05-03,2.6570
2018-05-04,2.6400
2018-05-07,2.6770
2018-05-08,2.7160
2018-05-09,2.7100
2018-05-10,2.7220
2018-05-11,2.7170
2018-05-14,2.7460
2018-05-15,2.7430
2018-05-16,2.7090
2018-05-17,2.6940
2018-05-18,2.7330
2018-05-21,2.7380
2018-05-22,2.7200
2018-05-23,2.6760
2018-05-24,2.6580
2018-05-25,2.6580
2018-05-28,2.6700
2018-05-29,2.6600
2018-05-30,2.6030
2018-05-31,2.6550
2018-06-01,2.6430
2018-06-04,2.6880
2018-06-05,2.7020
2018-06-06,2.6870
2018-06-07,2.6970
2018-06-08,2.6590
2018-06-11,2.6650
2018-06-12,2.6930
2018-06-13,2.6770
2018-06-14,2.6770
2018-06-15,2.6830
2018-06-19,2.6150
2018-06-20,2.6150
2018-06-21,2.5960
2018-06-22,2.6010
2018-06-25,2.5540
2018-06-26,2.5240
2018-06-27,2.4700
2018-06-28,2.4440
2018-06-29,2.5010
2018-06-30,2.5010
2018-07-02,2.4090
2018-07-03,2.4110
2018-07-04,2.3910
2018-07-05,2.3980
2018-07-06,2.4260
2018-07-09,2.4960
2018-07-10,2.4960
2018-07-11,2.4570
2018-07-12,2.5070
2018-07-13,2.5150
2018-07-16,2.4910
2018-07-17,2.4780
2018-07-18,2.4690
2018-07-19,2.4740
2018-07-20,2.5430
2018-07-23,2.5750
2018-07-24,2.6120
2018-07-25,2.6120
2018-07-26,2.5790
2018-07-27,2.5740
2018-07-30,2.5910
2018-07-31,2.5940
2018-08-01,2.5390
2018-08-02,2.4880
2018-08-03,2.4610
2018-08-06,2.4530
2018-08-07,2.5270
2018-08-08,2.4950
2018-08-09,2.5540
2018-08-10,2.5530
2018-08-13,2.5280
2018-08-14,2.5180
2018-08-15,2.4570
2018-08-16,2.4530
2018-08-17,2.4220
2018-08-20,2.4570
2018-08-21,2.5010
2018-08-22,2.4990
2018-08-23,2.5100
2018-08-24,2.5220
2018-08-27,2.5730
2018-08-28,2.5620
2018-08-29,2.5540
2018-08-30,2.5290
2018-08-31,2.5240
2018-09-03,2.5150
2018-09-04,2.5500
2018-09-05,2.4900
2018-09-06,2.4680
2018-09-07,2.4900
2018-09-10,2.4650
2018-09-11,2.4500
2018-09-12,2.4330
2018-09-13,2.4680
2018-09-14,2.4780
2018-09-17,2.4520
2018-09-18,2.5120
2018-09-19,2.5410
2018-09-20,2.5410
2018-09-21,2.6290
2018-09-25,2.6020
2018-09-26,2.6380
2018-09-27,2.6300
2018-09-28,2.6620
2018-10-08,2.5390
2018-10-09,2.5440
2018-10-10,2.5470
2018-10-11,2.4410
2018-10-12,2.4960
2018-10-15,2.4640
2018-10-16,2.4670
2018-10-17,2.4800
2018-10-18,2.4190
2018-10-19,2.4980
2018-10-22,2.5930
2018-10-23,2.5160
2018-10-24,2.5280
2018-10-25,2.5360
2018-10-26,2.5190
2018-10-29,2.4380
2018-10-30,2.4640
2018-10-31,2.5010
2018-11-01,2.5100
2018-11-02,2.5930
2018-11-05,2.5610
2018-11-06,2.5490
2018-11-07,2.5320
2018-11-08,2.5350
2018-11-09,2.4830
2018-11-12,2.4940
2018-11-13,2.5120
2018-11-14,2.4780
2018-11-15,2.5080
2018-11-16,2.5110
2018-11-19,2.5410
2018-11-20,2.4950
2018-11-21,2.5000
2018-11-22,2.4860
2018-11-23,2.4470
2018-11-26,2.4490
2018-11-27,2.4410
2018-11-28,2.4690
2018-11-29,2.4490
2018-11-30,2.4750
2018-12-03,2.4860
2018-12-04,2.4940
2018-12-05,2.4790
2018-12-06,2.4320
2018-12-07,2.4280
2018-12-10,2.4060
2018-12-11,2.4130
2018-12-12,2.4210
2018-12-13,2.4550
2018-12-14,2.4200
2018-12-17,2.4220
2018-12-18,2.3940
2018-12-19,2.3660
2018-12-20,2.3310
2018-12-21,2.3030
2018-12-24,2.3060
2018-12-25,2.2940
2018-12-26,2.2780
2018-12-27,2.2720
2018-12-28,2.2890
2018-12-31,2.2890
2019-01-02,2.2590
2019-01-03,2.2650
2019-01-04,2.3100
2019-01-07,2.3090
2019-01-08,2.3000
2019-01-09,2.3280
2019-01-10,2.3270
2019-01-11,2.3490
2019-01-14,2.3260
2019-01-15,2.3730
2019-01-16,2.3760
2019-01-17,2.3660
2019-01-18,2.4120
2019-01-21,2.4260
2019-01-22,2.3950
2019-01-23,2.3910
2019-01-24,2.4050
2019-01-25,2.4350
2019-01-28,2.4300
2019-01-29,2.4490
2019-01-30,2.4330
2019-01-31,2.4760
2019-02-01,2.4920
2019-02-11,2.5200
2019-02-12,2.5250
2019-02-13,2.5720
2019-02-14,2.5680
2019-02-15,2.5100
2019-02-18,2.5750
2019-02-19,2.5710
2019-02-20,2.5800
2019-02-21,2.5690
2019-02-22,2.6140
2019-02-25,2.7770
2019-02-26,2.7240
2019-02-27,2.7400
2019-02-28,2.7340
2019-03-01,2.8050
2019-03-04,2.8180
2019-03-05,2.8140
2019-03-06,2.8250
2019-03-07,2.7750
2019-03-08,2.6720
2019-03-11,2.6940
2019-03-12,2.7060
2019-03-13,2.7100
2019-03-14,2.7150
2019-03-15,2.7410
2019-03-18,2.8100
2019-03-19,2.7920
2019-03-20,2.7980
2019-03-21,2.7880
2019-03-22,2.7800
2019-03-25,2.7030
2019-03-26,2.6910
2019-03-27,2.7270
2019-03-28,2.7190
2019-03-29,2.8230
2019-04-01,2.8770
2019-04-02,2.8730
2019-04-03,2.9040
2019-04-04,2.9350
2019-04-08,2.9480
2019-04-09,2.9530
2019-04-10,2.9640
2019-04-11,2.9140
2019-04-12,2.9060
2019-04-15,2.9100
2019-04-16,3.0070
2019-04-17,3.0020
2019-04-18,2.9890
2019-04-19,3.0270
2019-04-22,2.9550
2019-04-23,2.9630
2019-04-24,2.9590
2019-04-25,2.9130
2019-04-26,2.8780
2019-04-29,2.9240
2019-04-30,2.9300
2019-05-06,2.7910
2019-05-07,2.7920
2019-05-08,2.7440
2019-05-09,2.6850
2019-05-10,2.7790
2019-05-13,2.7270
2019-05-14,2.7110
2019-05-15,2.7690
2019-05-16,2.7770
2019-05-17,2.7210
2019-05-20,2.7010
2019-05-21,2.7250
2019-05-22,2.7110
2019-05-23,2.6780
2019-05-24,2.6940
2019-05-27,2.7160
2019-05-28,2.7440
2019-05-29,2.7510
2019-05-30,2.7380
2019-05-31,2.7260
2019-06-03,2.7420
2019-06-04,2.7210
2019-06-05,2.7190
2019-06-06,2.7060
2019-06-10,2.7420
2019-06-11,2.8170
2019-06-12,2.8000
2019-06-13,2.7990
2019-06-14,2.7900
2019-06-17,2.7970
2019-06-18,2.8100
2019-06-19,2.8570
2019-06-20,2.9560
2019-06-21,2.9510
2019-06-24,2.9620
2019-06-25,2.9230
2019-06-26,2.9180
2019-06-27,2.9520
2019-06-28,2.9500
2019-06-30,2.9500
2019-07-01,3.0220
2019-07-02,3.0180
2019-07-03,2.9880
2019-07-04,2.9760
2019-07-05,2.9900
2019-07-08,2.9260
2019-07-09,2.9150
2019-07-10,2.9130
2019-07-11,2.9220
2019-07-12,2.9450
2019-07-15,2.9450
2019-07-16,2.9270
2019-07-17,2.9180
2019-07-18,2.9020
2019-07-19,2.9390
2019-07-22,2.9260
2019-07-23,2.9270
2019-07-24,2.9520
2019-07-25,2.9780
2019-07-26,2.9860
2019-07-29,2.9770
2019-07-30,2.9910
2019-07-31,2.9590
2019-08-01,2.9340
2019-08-02,2.8910
2019-08-05,2.8330
2019-08-06,2.8070
2019-08-07,2.7930
2019-08-08,2.8340
2019-08-09,2.8190
2019-08-12,2.8730
2019-08-13,2.8400
2019-08-14,2.8520
2019-08-15,2.8620
2019-08-16,2.8730
2019-08-19,2.9260
2019-08-20,2.9240
2019-08-21,2.9180
2019-08-22,2.9260
2019-08-23,2.9660
2019-08-26,2.9110
2019-08-27,2.9350
2019-08-28,2.9150
2019-08-29,2.9030
2019-08-30,2.9200
2019-09-02,2.9420
2019-09-03,2.9390
2019-09-04,2.9710
2019-09-05,3.0080
2019-09-06,3.0330
2019-09-09,3.0330
2019-09-10,3.0210
2019-09-11,3.0080
2019-09-12,3.0510
2019-09-16,3.0340
2019-09-17,2.9880
2019-09-18,3.0060
2019-09-19,3.0080
2019-09-20,3.0140
2019-09-23,2.9810
2019-09-24,2.9910
2019-09-25,2.9790
2019-09-26,2.9780
2019-09-27,2.9800
2019-09-30,2.9480
2019-10-08,2.9720
2019-10-09,2.9720
2019-10-10,2.9900
2019-10-11,3.0330
2019-10-14,3.0630
2019-10-15,3.0650
2019-10-16,3.0540
2019-10-17,3.0620
2019-10-18,3.0120
2019-10-21,3.0180
2019-10-22,3.0220
2019-10-23,3.0030
2019-10-24,3.0080
2019-10-25,3.0160
2019-10-28,3.0300
2019-10-29,3.0170
2019-10-30,3.0010
2019-10-31,3.0030
2019-11-01,3.0520
2019-11-04,3.0710
2019-11-05,3.0890
2019-11-06,3.0820
2019-11-07,3.0820
2019-11-08,3.0610
2019-11-11,3.0140
2019-11-12,3.0190
2019-11-13,3.0160
2019-11-14,3.0160
2019-11-15,3.0030
2019-11-18,3.0290
2019-11-19,3.0490
2019-11-20,3.0160
2019-11-21,2.9970
2019-11-22,2.9700
2019-11-25,2.9990
2019-11-26,2.9940
2019-11-27,2.9910
2019-11-28,2.9770
2019-11-29,2.9410
2019-12-02,2.8990
2019-12-03,2.9090
2019-12-04,2.9000
2019-12-05,2.9210
2019-12-06,2.9390
2019-12-09,2.9320
2019-12-10,2.9360
2019-12-11,2.9480
2019-12-12,2.9360
2019-12-13,3.0020
2019-12-16,2.9940
2019-12-17,3.0280
2019-12-18,3.0200
2019-12-19,3.0120
2019-12-20,3.0070
2019-12-23,2.9790
2019-12-24,2.9910
2019-12-25,2.9800
2019-12-26,3.0060
2019-12-27,3.0120
2019-12-30,3.0570
2019-12-31,3.0570
2020-01-02,3.0840
2020-01-03,3.0720
2020-01-06,3.0500
2020-01-07,3.0670
2020-01-08,3.0310
2020-01-09,3.0610
2020-01-10,3.0610
2020-01-13,3.0830
2020-01-14,3.0730
2020-01-15,3.0510
2020-01-16,3.0360
2020-01-17,3.0460
2020-01-20,3.0580
2020-01-21,3.0050
2020-01-22,3.0100
2020-01-23,2.9250
2020-02-03,2.7200
2020-02-04,2.7870
2020-02-05,2.8050
2020-02-06,2.8470
2020-02-07,2.8440
2020-02-10,2.8420
2020-02-11,2.8710
2020-02-12,2.8870
2020-02-13,2.8670
2020-02-14,2.8860
2020-02-17,2.9410
2020-02-18,2.9150
2020-02-19,2.9150
2020-02-20,2.9690
2020-02-21,2.9590
2020-02-24,2.9200
2020-02-25,2.9000
2020-02-26,2.8920
2020-02-27,2.9020
2020-02-28,2.8120
2020-03-02,2.8980
2020-03-03,2.9120
2020-03-04,2.9380
2020-03-05,3.0070
2020-03-06,2.9550
2020-03-09,2.8590
2020-03-10,2.9140
2020-03-11,2.8780
2020-03-12,2.8320
2020-03-13,2.7890
2020-03-16,2.6850
2020-03-17,2.6760
2020-03-18,2.6170
2020-03-19,2.5610
2020-03-20,2.6190
2020-03-23,2.5510
2020-03-24,2.6300
2020-03-25,2.6900
2020-03-26,2.6790
2020-03-27,2.6910
2020-03-30,2.6800
2020-03-31,2.6790
2020-04-01,2.6720
2020-04-02,2.7090
2020-04-03,2.6980
2020-04-07,2.7460
2020-04-08,2.7330
2020-04-09,2.7410
2020-04-10,2.7390
2020-04-13,2.7280
2020-04-14,2.7740
2020-04-15,2.7530
2020-04-16,2.7570
2020-04-17,2.7970
2020-04-20,2.8080
2020-04-21,2.7720
2020-04-22,2.7920
2020-04-23,2.7860
2020-04-24,2.7640
2020-04-27,2.7930
2020-04-28,2.8130
2020-04-29,2.8320
2020-04-30,2.8490
2020-05-06,2.8510
2020-05-07,2.8410
2020-05-08,2.8670
2020-05-11,2.8660
2020-05-12,2.8630
2020-05-13,2.8620
2020-05-14,2.8280
2020-05-15,2.8150
2020-05-18,2.8320
2020-05-19,2.8550
2020-05-20,2.8510
2020-05-21,2.8410
2020-05-22,2.7710
2020-05-25,2.7850
2020-05-26,2.8040
2020-05-27,2.7900
2020-05-28,2.8040
2020-05-29,2.8040
2020-06-01,2.8680
2020-06-02,2.8830
2020-06-03,2.8860
2020-06-04,2.8810
2020-06-05,2.8940
2020-06-08,2.9070
2020-06-09,2.9250
2020-06-10,2.9100
2020-06-11,2.8800
2020-06-12,2.8850
2020-06-15,2.8410
2020-06-16,2.8810
2020-06-17,2.8830
2020-06-18,2.8930
2020-06-19,2.9300
2020-06-22,2.9260
2020-06-23,2.9290
2020-06-24,2.9560
2020-06-29,2.9370
2020-06-30,2.9610
2020-07-01,3.0290
2020-07-02,3.1030
2020-07-03,3.1790
2020-07-06,3.3940
2020-07-07,3.4010
2020-07-08,3.4490
2020-07-09,3.4620
2020-07-10,3.3800
2020-07-13,3.4220
2020-07-14,3.3840
2020-07-15,3.3560
2020-07-16,3.2050
2020-07-17,3.2290
2020-07-20,3.3320
2020-07-21,3.3310
2020-07-22,3.3370
2020-07-23,3.3330
2020-07-24,3.2060
2020-07-27,3.2110
2020-07-28,3.2340
2020-07-29,3.2920
2020-07-30,3.2800
2020-07-31,3.2980
2020-08-03,3.3300
2020-08-04,3.3610
2020-08-05,3.3410
2020-08-06,3.3410
2020-08-07,3.3120
2020-08-10,3.3340
2020-08-11,3.3110
2020-08-12,3.2980
2020-08-13,3.2900
2020-08-14,3.3370
2020-08-17,3.4180
2020-08-18,3.4160
2020-08-19,3.3560
2020-08-20,3.3130
2020-08-21,3.3350
2020-08-24,3.3490
2020-08-25,3.3610
2020-08-26,3.3280
2020-08-27,3.3410
2020-08-28,3.4190
2020-08-31,3.3940
2020-09-01,3.4060
2020-09-02,3.3980
2020-09-03,3.3840
2020-09-04,3.3590
2020-09-07,3.3020
2020-09-08,3.3400
2020-09-09,3.2850
2020-09-10,3.2950
2020-09-11,3.3150
2020-09-14,3.3440
2020-09-15,3.3670
2020-09-16,3.3490
2020-09-17,3.3180
2020-09-18,3.4020
2020-09-21,3.3650
2020-09-22,3.3240
2020-09-23,3.3290
2020-09-24,3.2710
2020-09-25,3.2820
2020-09-28,3.3030
2020-09-29,3.2940
2020-09-30,3.2850
2020-10-09,3.3390
2020-10-12,3.4420
2020-10-13,3.4410
2020-10-14,3.4230
2020-10-15,3.4250
2020-10-16,3.4340
2020-10-19,3.4070
2020-10-20,3.4160
2020-10-21,3.4300
2020-10-22,3.4220
2020-10-23,3.3990
2020-10-26,3.3570
2020-10-27,3.3460
2020-10-28,3.3660
2020-10-29,3.3770
2020-10-30,3.3320
2020-11-02,3.3170
2020-11-03,3.3590
2020-11-04,3.3840
2020-11-05,3.4220
2020-11-06,3.4110
2020-11-09,3.4710
2020-11-10,3.4690
2020-11-11,3.4640
2020-11-12,3.4500
2020-11-13,3.3900
2020-11-16,3.4290
2020-11-17,3.4310
2020-11-18,3.4390
2020-11-19,3.4620
2020-11-20,3.4640
2020-11-23,3.5220
2020-11-24,3.4950
2020-11-25,3.4720
2020-11-26,3.4980
2020-11-27,3.5520
2020-11-30,3.4720
2020-12-01,3.5560
2020-12-02,3.5470
2020-12-03,3.5390
2020-12-04,3.5430
2020-12-07,3.5110
2020-12-08,3.5000
2020-12-09,3.4700
2020-12-10,3.4610
2020-12-11,3.4280
2020-12-14,3.4640
2020-12-15,3.4650
2020-12-16,3.4810
2020-12-17,3.5350
2020-12-18,3.5040
2020-12-21,3.5180
2020-12-22,3.4660
2020-12-23,3.4900
2020-12-24,3.4840
2020-12-25,3.5070
2020-12-28,3.5180
2020-12-29,3.5120
2020-12-30,3.5690
2020-12-31,3.6350
2021-01-04,3.6370
2021-01-05,3.6770
2021-01-06,3.7300
2021-01-07,3.8010
2021-01-08,3.7810
2021-01-11,3.7690
2021-01-12,3.8980
2021-01-13,3.8650
2021-01-14,3.8030
2021-01-15,3.8100
2021-01-18,3.8410
2021-01-19,3.8000
2021-01-20,3.8060
2021-01-21,3.8410
2021-01-22,3.8380
2021-01-25,3.8890
2021-01-26,3.8040
2021-01-27,3.8090
2021-01-28,3.7260
2021-01-29,3.7040
2021-02-01,3.7370
2021-02-02,3.7620
2021-02-03,3.7660
2021-02-04,3.7920
2021-02-05,3.8310
2021-02-08,3.8800
2021-02-09,3.9420
2021-02-10,4.0180
2021-02-18,4.0030
2021-02-19,4.0030
2021-02-22,3.8700
2021-02-23,3.8860
2021-02-24,3.7940
2021-02-25,3.8400
2021-02-26,3.7460
2021-03-01,3.7770
2021-03-02,3.7080
2021-03-03,3.8060
2021-03-04,3.6970
2021-03-05,3.6770
2021-03-08,3.5620
2021-03-09,3.4990
2021-03-10,3.5210
2021-03-11,3.6140
2021-03-12,3.6210
2021-03-15,3.5550
2021-03-16,3.5870
2021-03-17,3.5790
2021-03-18,3.5940
2021-03-19,3.5000
2021-03-22,3.5270
2021-03-23,3.5050
2021-03-24,3.4550
2021-03-25,3.4520
2021-03-26,3.5180
2021-03-29,3.5250
2021-03-30,3.5650
2021-03-31,3.5270
2021-04-01,3.5700
2021-04-02,3.6040
2021-04-06,3.5820
2021-04-07,3.5460
2021-04-08,3.5600
2021-04-09,3.5010
2021-04-12,3.4640
2021-04-13,3.4490
2021-04-14,3.4560
2021-04-15,3.4190
2021-04-16,3.4350
2021-04-19,3.5000
2021-04-20,3.4970
2021-04-21,3.5030
2021-04-22,3.4810
2021-04-23,3.5180
2021-04-26,3.4620
2021-04-27,3.4710
2021-04-28,3.4670
2021-04-29,3.5110
2021-04-30,3.4850
2021-05-06,3.4440
2021-05-07,3.4000
2021-05-10,3.3940
2021-05-11,3.4310
2021-05-12,3.4420
2021-05-13,3.4080
2021-05-14,3.4960
2021-05-17,3.5340
2021-05-18,3.5310
2021-05-19,3.5050
2021-05-20,3.5160
2021-05-21,3.4760
2021-05-24,3.4910
2021-05-25,3.6340
2021-05-26,3.6500
2021-05-27,3.6580
2021-05-28,3.6520
2021-05-31,3.6430
2021-06-01,3.6430
2021-06-02,3.6150
2021-06-03,3.5840
2021-06-04,3.6050
2021-06-07,3.5940
2021-06-08,3.5730
2021-06-09,3.5810
2021-06-10,3.6040
2021-06-11,3.5730
2021-06-15,3.5240
2021-06-16,3.4830
2021-06-17,3.4830
2021-06-18,3.4560
2021-06-21,3.4330
2021-06-22,3.4670
2021-06-23,3.4740
2021-06-24,3.4880
2021-06-25,3.5440
2021-06-28,3.5300
2021-06-29,3.4970
2021-06-30,3.5180
2021-07-01,3.5540
2021-07-02,3.4260
2021-07-05,3.4230
2021-07-06,3.4270
2021-07-07,3.4470
2021-07-08,3.3950
2021-07-09,3.3840
2021-07-12,3.4100
2021-07-13,3.4240
2021-07-14,3.3710
2021-07-15,3.4440
2021-07-16,3.4020
2021-07-19,3.4180
2021-07-20,3.4110
2021-07-21,3.4250
2021-07-22,3.4290
2021-07-23,3.3930
2021-07-26,3.2630
2021-07-27,3.1600
2021-07-28,3.1880
2021-07-29,3.2180
2021-07-30,3.1680
2021-08-02,3.2470
2021-08-03,3.2590
2021-08-04,3.2680
2021-08-05,3.2620
2021-08-06,3.2310
2021-08-09,3.2710
2021-08-10,3.3250
2021-08-11,3.2990
2021-08-12,3.2620
2021-08-13,3.2530
2021-08-16,3.2600
2021-08-17,3.1870
2021-08-18,3.2280
2021-08-19,3.1810
2021-08-20,3.1120
2021-08-23,3.1400
2021-08-24,3.1880
2021-08-25,3.2000
2021-08-26,3.1280
2021-08-27,3.1620
2021-08-30,3.1510
2021-08-31,3.1360
2021-09-01,3.2040
2021-09-02,3.2060
2021-09-03,3.2150
2021-09-06,3.2510
2021-09-07,3.2880
2021-09-08,3.2530
2021-09-09,3.2440
2021-09-10,3.2920
2021-09-13,3.2810
2021-09-14,3.2270
2021-09-15,3.1850
2021-09-16,3.1670
2021-09-17,3.2020
2021-09-22,3.1620
2021-09-23,3.1670
2021-09-24,3.1840
2021-09-27,3.2400
2021-09-28,3.2500
2021-09-29,3.2380
2021-09-30,3.2360
2021-10-08,3.2950
2021-10-11,3.3160
2021-10-12,3.2980
2021-10-13,3.3320
2021-10-14,3.3090
2021-10-15,3.3340
2021-10-18,3.2680
2021-10-19,3.2950
2021-10-20,3.2930
2021-10-21,3.3170
2021-10-22,3.3570
2021-10-25,3.3550
2021-10-26,3.3320
2021-10-27,3.2890
2021-10-28,3.2810
2021-10-29,3.3090
2021-11-01,3.2920
2021-11-02,3.2530
2021-11-03,3.2220
2021-11-04,3.2480
2021-11-05,3.2420
2021-11-08,3.2360
2021-11-09,3.2270
2021-11-10,3.2100
2021-11-11,3.2740
2021-11-12,3.2610
2021-11-15,3.2620
2021-11-16,3.2620
2021-11-17,3.2490
2021-11-18,3.2130
2021-11-19,3.2530
2021-11-22,3.2520
2021-11-23,3.2640
2021-11-24,3.2720
2021-11-25,3.2580
2021-11-26,3.2270
2021-11-29,3.1850
2021-11-30,3.1630
2021-12-01,3.1780
2021-12-02,3.1890
2021-12-03,3.2190
2021-12-06,3.2260
2021-12-07,3.2520
2021-12-08,3.3020
2021-12-09,3.3570
2021-12-10,3.3510
2021-12-13,3.3570
2021-12-14,3.3380
2021-12-15,3.3060
2021-12-16,3.3180
2021-12-17,3.2660
2021-12-20,3.2420
2021-12-21,3.2600
2021-12-22,3.2470
2021-12-23,3.2740
2021-12-24,3.2770
2021-12-27,3.2650
2021-12-28,3.2900
2021-12-29,3.2270
2021-12-30,3.2480
2021-12-31,3.2610
2022-01-04,3.2500
2022-01-05,3.2400
2022-01-06,3.1970
2022-01-07,3.2090
2022-01-10,3.2220
2022-01-11,3.2000
2022-01-12,3.2220
2022-01-13,3.1700
2022-01-14,3.1250
2022-01-17,3.1330
2022-01-18,3.1730
2022-01-19,3.1720
2022-01-20,3.2190
2022-01-21,3.2040
2022-01-24,3.1950
2022-01-25,3.1300
2022-01-26,3.1490
2022-01-27,3.1040
2022-01-28,3.0390
2022-02-07,3.0990
2022-02-08,3.1010
2022-02-09,3.1240
2022-02-10,3.1290
2022-02-11,3.1270
2022-02-14,3.0880
2022-02-15,3.1030
2022-02-16,3.1190
2022-02-17,3.1230
2022-02-18,3.1460
2022-02-21,3.1280
2022-02-22,3.0860
2022-02-23,3.1010
2022-02-24,3.0430
2022-02-25,3.0590
2022-02-28,3.0640
2022-03-01,3.1080
2022-03-02,3.0900
2022-03-03,3.0800
2022-03-04,3.0450
2022-03-07,2.9580
2022-03-08,2.9170
2022-03-09,2.8910
2022-03-10,2.9170
2022-03-11,2.9190
2022-03-14,2.8360
2022-03-15,2.6870
2022-03-16,2.8110
2022-03-17,2.8600
2022-03-18,2.8970
2022-03-21,2.8760
2022-03-22,2.8840
2022-03-23,2.9000
2022-03-24,2.8870
2022-03-25,2.8400
2022-03-28,2.8370
2022-03-29,2.8260
2022-03-30,2.8990
2022-03-31,2.8830
2022-04-01,2.9270
2022-04-06,2.9140
2022-04-07,2.8860
2022-04-08,2.9090
2022-04-11,2.8300
2022-04-12,2.8770
2022-04-13,2.8660
2022-04-14,2.9120
2022-04-15,2.9130
2022-04-18,2.8710
2022-04-19,2.8450
2022-04-20,2.8190
2022-04-21,2.7810
2022-04-22,2.7970
2022-04-25,2.6680
2022-04-26,2.6650
2022-04-27,2.7180
2022-04-28,2.7530
2022-04-29,2.7900
2022-05-05,2.7850
2022-05-06,2.7050
2022-05-09,2.6800
2022-05-10,2.7030
2022-05-11,2.7260
2022-05-12,2.7060
2022-05-13,2.7330
2022-05-16,2.7050
2022-05-17,2.7410
2022-05-18,2.7300
2022-05-19,2.7290
2022-05-20,2.7920
2022-05-23,2.7660
2022-05-24,2.7180
2022-05-25,2.7270
2022-05-26,2.7290
2022-05-27,2.7470
2022-05-30,2.7630
2022-05-31,2.7970
2022-06-01,2.7840
2022-06-02,2.7770
2022-06-06,2.8120
2022-06-07,2.8330
2022-06-08,2.8660
2022-06-09,2.8550
2022-06-10,2.8900
2022-06-13,2.8340
2022-06-14,2.8710
2022-06-15,2.9130
2022-06-16,2.8860
2022-06-17,2.9310
2022-06-20,2.9260
2022-06-21,2.9320
2022-06-22,2.8980
2022-06-23,2.9410
2022-06-24,2.9800
2022-06-27,3.0190
2022-06-28,3.0460
2022-06-29,3.0160
2022-06-30,3.0730
2022-07-01,3.0590
2022-07-04,3.0640
2022-07-05,3.0660
2022-07-06,3.0120
2022-07-07,3.0050
2022-07-08,3.0090
2022-07-11,2.9620
2022-07-12,2.9460
2022-07-13,2.9380
2022-07-14,2.9190
2022-07-15,2.8760
2022-07-18,2.9150
2022-07-19,2.9020
2022-07-20,2.9110
2022-07-21,2.8770
2022-07-22,2.8880
2022-07-25,2.8770
2022-07-26,2.8950
2022-07-27,2.8690
2022-07-28,2.8680
2022-07-29,2.8320
2022-08-01,2.8220
2022-08-02,2.7700
2022-08-03,2.7500
2022-08-04,2.7800
2022-08-05,2.8150
2022-08-08,2.8010
2022-08-09,2.8040
2022-08-10,2.7710
2022-08-11,2.8280
2022-08-12,2.8380
2022-08-15,2.8230
2022-08-16,2.8090
2022-08-17,2.8260
2022-08-18,2.7990
2022-08-19,2.7910
2022-08-22,2.7960
2022-08-23,2.7760
2022-08-24,2.7480
2022-08-25,2.7930
2022-08-26,2.7940
2022-08-29,2.7740
2022-08-30,2.7690
2022-08-31,2.8040
2022-09-01,2.7740
2022-09-02,2.7530
2022-09-05,2.7390
2022-09-06,2.7660
2022-09-07,2.7520
2022-09-08,2.7500
2022-09-09,2.8000
2022-09-13,2.8120
2022-09-14,2.7870
2022-09-15,2.7860
2022-09-16,2.7190
2022-09-19,2.7210
2022-09-20,2.7160
2022-09-21,2.6940
2022-09-22,2.6710
2022-09-23,2.6710
2022-09-26,2.6560
2022-09-27,2.6840
2022-09-28,2.6530
2022-09-29,2.6500
2022-09-30,2.6510
2022-10-10,2.5850
2022-10-11,2.5790
2022-10-12,2.5950
2022-10-13,2.5630
2022-10-14,2.6250
2022-10-17,2.6250
2022-10-18,2.6100
2022-10-19,2.5590
2022-10-20,2.5440
2022-10-21,2.5300
2022-10-24,2.4330
2022-10-25,2.4360
2022-10-26,2.4410
2022-10-27,2.4210
2022-10-28,2.3660
2022-10-31,2.3340
2022-11-01,2.4370
2022-11-02,2.4590
2022-11-03,2.4270
2022-11-04,2.5090
2022-11-07,2.5180
2022-11-08,2.4990
2022-11-09,2.4800
2022-11-10,2.4800
2022-11-11,2.5590
2022-11-14,2.5790
2022-11-15,2.6250
2022-11-16,2.6140
2022-11-17,2.6010
2022-11-18,2.5880
2022-11-21,2.5550
2022-11-22,2.5720
2022-11-23,2.5760
2022-11-24,2.5610
2022-11-25,2.5850
2022-11-28,2.5430
2022-11-29,2.6490
2022-11-30,2.6470
2022-12-01,2.6350
2022-12-02,2.6180
2022-12-05,2.6800
2022-12-06,2.6880
2022-12-07,2.6730
2022-12-08,2.6760
2022-12-09,2.7090
2022-12-12,2.6770
2022-12-13,2.6800
2022-12-14,2.6940
2022-12-15,2.6830
2022-12-16,2.6960
2022-12-19,2.6540
2022-12-20,2.6070
2022-12-21,2.6150
2022-12-22,2.6270
2022-12-23,2.6230
2022-12-26,2.6150
2022-12-27,2.6450
2022-12-28,2.6510
2022-12-29,2.6340
2022-12-30,2.6470
2022-12-31,2.6470
2023-01-03,2.6530
2023-01-04,2.6630
2023-01-05,2.7120
2023-01-06,2.7250
2023-01-09,2.7540
2023-01-10,2.7450
2023-01-11,2.7520
2023-01-12,2.7530
2023-01-13,2.7990
2023-01-16,2.8460
2023-01-17,2.8390
2023-01-18,2.8210
2023-01-19,2.8320
2023-01-20,2.8480
2023-01-30,2.8500
2023-01-31,2.8180
2023-02-01,2.8310
2023-02-02,2.8220
2023-02-03,2.7840
2023-02-06,2.7440
2023-02-07,2.7500
2023-02-08,2.7400
2023-02-09,2.7710
2023-02-10,2.7560
2023-02-13,2.7770
2023-02-14,2.7860
2023-02-15,2.7610
2023-02-16,2.7520
2023-02-17,2.7230
2023-02-20,2.7970
2023-02-21,2.8100
2023-02-22,2.7780
2023-02-23,2.7760
2023-02-24,2.7360
2023-02-27,2.7310
2023-02-28,2.7450
2023-03-01,2.7810
2023-03-02,2.7770
2023-03-03,2.7820
2023-03-06,2.7520
2023-03-07,2.7210
2023-03-08,2.6990
2023-03-09,2.6790
2023-03-10,2.6430
2023-03-13,2.6710
2023-03-14,2.6520
2023-03-15,2.6550
2023-03-16,2.6300
2023-03-17,2.6350
2023-03-20,2.6230
2023-03-21,2.6500
2023-03-22,2.6580
2023-03-23,2.6750
2023-03-24,2.6600
2023-03-27,2.6460
2023-03-28,2.6450
2023-03-29,2.6420
2023-03-30,2.6700
2023-03-31,2.6680
2023-04-03,2.6720
2023-04-04,2.6820
2023-04-06,2.6720
2023-04-07,2.6910
2023-04-10,2.6910
2023-04-11,2.6860
2023-04-12,2.6710
2023-04-13,2.6750
2023-04-14,2.6840
2023-04-17,2.7380
2023-04-18,2.7500
2023-04-19,2.7260
2023-04-20,2.7100
2023-04-21,2.6590
2023-04-24,2.6230
2023-04-25,2.6240
2023-04-26,2.6230
2023-04-27,2.6550
2023-04-28,2.6830
2023-05-04,2.6970
2023-05-05,2.6890
2023-05-08,2.7240
2023-05-09,2.7080
2023-05-10,2.6780
2023-05-11,2.6700
2023-05-12,2.6350
2023-05-15,2.6810
2023-05-16,2.6740
2023-05-17,2.6530
2023-05-18,2.6480
2023-05-19,2.6370
2023-05-22,2.6620
2023-05-23,2.6210
2023-05-24,2.5810
2023-05-25,2.5670
2023-05-26,2.5640
2023-05-29,2.5520
2023-05-30,2.5390
2023-05-31,2.5010
2023-06-01,2.5080
2023-06-02,2.5510
2023-06-05,2.5360
2023-06-06,2.5270
2023-06-07,2.5190
2023-06-08,2.5480
2023-06-09,2.5590
2023-06-12,2.5580
2023-06-13,2.5630
2023-06-14,2.5670
2023-06-15,2.6030
2023-06-16,2.6280
2023-06-19,2.5940
2023-06-20,2.5810
2023-06-21,2.5540
2023-06-26,2.5240
2023-06-27,2.5420
2023-06-28,2.5500
2023-06-29,2.5300
2023-06-30,2.5400
2023-07-03,2.5830
2023-07-04,2.5860
2023-07-05,2.5710
2023-07-06,2.5520
2023-07-07,2.5400
2023-07-10,2.5540
2023-07-11,2.5700
2023-07-12,2.5680
2023-07-13,2.6100
2023-07-14,2.6120
2023-07-17,2.5880
2023-07-18,2.5830
2023-07-19,2.5890
2023-07-20,2.5790
2023-07-21,2.5850
2023-07-24,2.5750
2023-07-25,2.6550
2023-07-26,2.6530
2023-07-27,2.6520
2023-07-28,2.7260
2023-07-31,2.7330
2023-08-01,2.7250
2023-08-02,2.6990
2023-08-03,2.7240
2023-08-04,2.7280
2023-08-07,2.7130
2023-08-08,2.7100
2023-08-09,2.7070
2023-08-10,2.7080
2023-08-11,2.6460
2023-08-14,2.6250
2023-08-15,2.6220
2023-08-16,2.6060
2023-08-17,2.6120
2023-08-18,2.5820
2023-08-21,2.5490
2023-08-22,2.5680
2023-08-23,2.5350
2023-08-24,2.5550
2023-08-25,2.5620
2023-08-28,2.5960
2023-08-29,2.6070
2023-08-30,2.6000
2023-08-31,2.5880
2023-09-01,2.6110
2023-09-04,2.6570
2023-09-05,2.6410
2023-09-06,2.6380
2023-09-07,2.6120
2023-09-08,2.5970
2023-09-11,2.6140
2023-09-12,2.6090
2023-09-13,2.6020
2023-09-14,2.6080
2023-09-15,2.5930
2023-09-18,2.6100
2023-09-19,2.6100
2023-09-20,2.6000
2023-09-21,2.5740
2023-09-22,2.6300
2023-09-25,2.6080
2023-09-26,2.5920
2023-09-27,2.5990
2023-09-28,2.5850
2023-10-09,2.5770
2023-10-10,2.5590
2023-10-11,2.5680
2023-10-12,2.5920
2023-10-13,2.5660
2023-10-16,2.5440
2023-10-17,2.5550
2023-10-18,2.5430
2023-10-19,2.4750
2023-10-20,2.4620
2023-10-23,2.4420
2023-10-24,2.4510
2023-10-25,2.4630
2023-10-26,2.4700
2023-10-27,2.4920
2023-10-30,2.4910
2023-10-31,2.4880
2023-11-01,2.4980
2023-11-02,2.4940
2023-11-03,2.5140
2023-11-06,2.5350
2023-11-07,2.5210
2023-11-08,2.5140
2023-11-09,2.5130
2023-11-10,2.4900
2023-11-13,2.4840
2023-11-14,2.4820
2023-11-15,2.5030
2023-11-16,2.4800
2023-11-17,2.4730
2023-11-20,2.4800
2023-11-21,2.4920
2023-11-22,2.4720
2023-11-23,2.4800
2023-11-24,2.4660
2023-11-27,2.4060
2023-11-28,2.4060
2023-11-29,2.3930
2023-11-30,2.4010
2023-12-01,2.3870
2023-12-04,2.3680
2023-12-05,2.3200
2023-12-06,2.3170
2023-12-07,2.3080
2023-12-08,2.3150
2023-12-11,2.3250
2023-12-12,2.3370
2023-12-13,2.2920
2023-12-14,2.2810
2023-12-15,2.2760
2023-12-18,2.2820
2023-12-19,2.2880
2023-12-20,2.2740
2023-12-21,2.2980
2023-12-22,2.3070
2023-12-25,2.3100
2023-12-26,2.2990
2023-12-27,2.3040
2023-12-28,2.3560
2023-12-29,2.3640
2023-12-31,2.3640
2024-01-02,2.3290
2024-01-03,2.3320
2024-01-04,2.3160
2024-01-05,2.3050
2024-01-08,2.2800
2024-01-09,2.2810
2024-01-10,2.2710
2024-01-11,2.2760
2024-01-12,2.2730
2024-01-15,2.2740
2024-01-16,2.2845
2024-01-17,2.2342
2024-01-18,2.2730
2024-01-19,2.2786
2024-01-22,2.2653
2024-01-23,2.2612
2024-01-24,2.2957
2024-01-25,2.3487
2024-01-26,2.3502
2024-01-29,2.3401
2024-01-30,2.3061
2024-01-31,2.2890
2024-02-01,2.2828
2024-02-02,2.2629
2024-02-05,2.2895
2024-02-06,2.3539
2024-02-07,2.3795
2024-02-08,2.3881
2024-02-19,2.4068
2024-02-20,2.4043
2024-02-21,2.4464
2024-02-22,2.4694
2024-02-23,2.4697
2024-02-26,2.4292
2024-02-27,2.4407
2024-02-28,2.4212
2024-02-29,2.4488
2024-03-01,2.4506
2024-03-04,2.4542
2024-03-05,2.4823
2024-03-06,2.4699
2024-03-07,2.4625
2024-03-08,2.4617
2024-03-11,2.4787
2024-03-12,2.4862
2024-03-13,2.4630
2024-03-14,2.4591
2024-03-15,2.4625
2024-03-18,2.4735
2024-03-19,2.4518
2024-03-20,2.4616
2024-03-21,2.4622
2024-03-22,2.4379
2024-03-25,2.4358
2024-03-26,2.4484
2024-03-27,2.4335
2024-03-28,2.4365
2024-03-29,2.4495
2024-04-01,2.4764
2024-04-02,2.4705
2024-04-03,2.4648
2024-04-08,2.4483
2024-04-09,2.4386
2024-04-10,2.4306
2024-04-11,2.4286
2024-04-12,2.4075
2024-04-15,2.4579
2024-04-16,2.4461
2024-04-17,2.4739
2024-04-18,2.4795
2024-04-19,2.4646
2024-04-22,2.4597
2024-04-23,2.4484
2024-04-24,2.4589
2024-04-25,2.4665
2024-04-26,2.4972
2024-04-29,2.5098
2024-04-30,2.4995
2024-05-06,2.5311
2024-05-07,2.5352
2024-05-08,2.5212
2024-05-09,2.5371
2024-05-10,2.5439
2024-05-13,2.5416
2024-05-14,2.5317
2024-05-15,2.5120
2024-05-16,2.5242
2024-05-17,2.5592
2024-05-20,2.5680
2024-05-21,2.5602
2024-05-22,2.5641
2024-05-23,2.5354
2024-05-24,2.5087
2024-05-27,2.5320
2024-05-28,2.5244
2024-05-29,2.5274
2024-05-30,2.5077
2024-05-31,2.4960
2024-06-03,2.5027
2024-06-04,2.5172
2024-06-05,2.5047
2024-06-06,2.5044
2024-06-07,2.4966
2024-06-11,2.4633
2024-06-12,2.4635
2024-06-13,2.4521
2024-06-14,2.4676
2024-06-17,2.4562
2024-06-18,2.4543
2024-06-19,2.4581
2024-06-20,2.4517
2024-06-21,2.4418
2024-06-24,2.4465
2024-06-25,2.4364
2024-06-26,2.4421
