datetime,1年中债国债到期收益率,3个月中债国债到期收益率,10年中债国债到期收益率,纳斯达克综合指数
2015/2/9,3.0856,3.1228,3.4236,4726.01
2015/2/10,3.0932,3.1516,3.4299,4787.65
2015/2/11,3.0928,3.1516,3.3955,4801.18
2015/2/12,3.0872,3.1388,3.3865,4857.61
2015/2/13,3.0859,3.1088,3.3552,4893.84
2015/2/15,3.0656,3.1135,3.3625,
2015/2/16,3.0801,3.0756,3.3374,
2015/2/17,3.0624,3.0756,3.3373,4899.27
2015/2/18,,,,4906.36
2015/2/19,,,,4924.7
2015/2/20,,,,4955.97
2015/2/23,,,,4960.97
2015/2/24,,,,4968.12
2015/2/25,3.0353,3.0656,3.349,4967.14
2015/2/26,3.0353,3.0491,3.3594,4987.89
2015/2/27,3.0438,3.0691,3.3745,4963.53
2015/2/28,3.0396,3.0991,3.3602,
2015/3/2,3.0488,3.0811,3.3883,5008.1
2015/3/3,3.0341,3.0511,3.4022,4979.9
2015/3/4,3.0291,3.0811,3.3869,4967.14
2015/3/5,3.0518,3.0811,3.4369,4982.81
2015/3/6,3.0576,3.1061,3.4753,4927.37
2015/3/9,3.0787,3.191,3.4922,4942.44
2015/3/10,3.0812,3.1942,3.5228,4859.8
2015/3/11,3.0615,3.1763,3.4466,4849.94
2015/3/12,3.0495,3.1469,3.4412,4893.29
2015/3/13,3.0944,3.1676,3.4879,4871.76
2015/3/16,3.0944,3.1496,3.5301,4929.51
2015/3/17,3.1142,3.1496,3.5428,4937.43
2015/3/18,3.1042,3.1303,3.5519,4982.83
2015/3/19,3.0992,3.1192,3.5348,4992.38
2015/3/20,3.102,3.1192,3.4958,5026.42
2015/3/23,3.1032,3.1424,3.4933,5010.97
2015/3/24,3.1031,3.1374,3.4841,4994.73
2015/3/25,3.1183,3.1574,3.5037,4876.52
2015/3/26,3.1483,3.2063,3.544,4863.36
2015/3/27,3.1833,3.2736,3.5678,4891.22
2015/3/30,3.1833,3.2936,3.5849,4947.44
2015/3/31,3.2236,3.2673,3.6483,4900.89
2015/4/1,3.2186,3.2267,3.5997,4880.23
2015/4/2,3.1743,3.137,3.5438,4886.94
2015/4/3,3.1753,3.137,3.572,
2015/4/6,,,,4917.32
2015/4/7,3.1801,3.153,3.5987,4910.23
2015/4/8,3.1802,3.119,3.6938,4950.82
2015/4/9,3.1202,3.019,3.704,4974.57
2015/4/10,3.1602,3.039,3.6947,4995.98
2015/4/13,3.1602,3.0072,3.6685,4988.25
2015/4/14,3.1302,3.0327,3.6211,4977.29
2015/4/15,3.1002,3.0501,3.5954,5011.02
2015/4/16,3.0729,3.0498,3.56,5007.79
2015/4/17,3.1628,3.0448,3.5627,4931.81
2015/4/20,3.0872,2.955,3.4554,4994.6
2015/4/21,3.0092,2.885,3.4055,5014.1
2015/4/22,3.0152,2.8283,3.4052,5035.17
2015/4/23,2.9713,2.8199,3.4151,5056.06
2015/4/24,2.9276,2.8198,3.4454,5092.09
2015/4/27,2.8663,2.6971,3.3952,5060.25
2015/4/28,2.8266,2.7071,3.3804,5055.42
2015/4/29,2.8267,2.7071,3.4,5023.64
2015/4/30,2.694,2.7044,3.3503,4941.42
2015/5/1,,,,5005.39
2015/5/4,2.7296,2.6244,3.3804,5016.93
2015/5/5,2.7278,2.6531,3.4006,4939.33
2015/5/6,2.708,2.5531,3.456,4919.65
2015/5/7,2.6912,2.5419,3.4401,4945.54
2015/5/8,2.6821,2.5146,3.3703,5003.55
2015/5/11,2.6562,2.4198,3.3752,4993.57
2015/5/12,2.5691,2.3427,3.4002,4976.19
2015/5/13,2.4501,2.1927,3.4002,4981.69
2015/5/14,2.3557,2.0701,3.3803,5050.8
2015/5/15,2.344,2.0574,3.3907,5048.29
2015/5/18,2.374,2.0129,3.4109,5078.44
2015/5/19,2.4574,2.0447,3.4311,5070.03
2015/5/20,2.4391,2.0598,3.4282,5071.74
2015/5/21,2.4373,2.0998,3.4257,5090.79
2015/5/22,2.3822,2.0622,3.416,5089.36
2015/5/25,2.2462,2.1122,3.431,
2015/5/26,2.0338,1.9901,3.5214,5032.75
2015/5/27,1.8707,1.9167,3.5055,5106.59
2015/5/28,1.9369,1.9913,3.5652,5097.98
2015/5/29,1.9387,2.0038,3.5954,5070.03
2015/6/1,1.9947,2.0238,3.6404,5082.93
2015/6/2,1.9651,2.0036,3.588,5076.52
2015/6/3,1.9356,1.9531,3.6111,5099.23
2015/6/4,1.8813,1.9131,3.5912,5059.13
2015/6/5,1.8763,1.9409,3.5814,5068.46
2015/6/8,1.8576,1.8605,3.5613,5021.63
2015/6/9,1.7786,1.9005,3.5565,5013.87
2015/6/10,1.7097,1.8131,3.5912,5076.69
2015/6/11,1.7103,1.7831,3.6197,5082.51
2015/6/12,1.687,1.7431,3.6226,5051.1
2015/6/15,1.6482,1.7742,3.6681,5029.97
2015/6/16,1.6407,1.7667,3.6099,5055.55
2015/6/17,1.689,1.7996,3.6052,5064.88
2015/6/18,1.7044,1.8022,3.573,5132.95
2015/6/19,1.7494,1.8492,3.5825,5117
2015/6/22,,,,5153.97
2015/6/23,1.7159,1.8354,3.6054,5160.1
2015/6/24,1.7165,1.8275,3.6079,5122.41
2015/6/25,1.7128,1.8151,3.6028,5112.19
2015/6/26,1.7628,1.8151,3.608,5080.51
2015/6/29,1.7528,1.7912,3.603,4958.47
2015/6/30,1.7378,1.9197,3.5976,4986.87
2015/7/1,1.7378,1.9684,3.6127,5013.12
2015/7/2,1.7745,1.9883,3.6223,5009.21
2015/7/3,1.774,1.9641,3.5719,
2015/7/6,1.7455,1.9327,3.4917,4991.94
2015/7/7,1.9155,1.9161,3.4361,4997.46
2015/7/8,2.2655,1.9634,3.4307,4909.76
2015/7/9,2.2655,2.0827,3.4358,4922.4
2015/7/10,2.3555,2.2668,3.4885,4997.7
2015/7/13,2.4455,2.3095,3.5014,5071.51
2015/7/14,2.4486,2.3603,3.5341,5104.89
2015/7/15,2.4368,2.3352,3.5495,5098.94
2015/7/16,2.4471,2.3767,3.5208,5163.18
2015/7/17,2.4501,2.3894,3.5123,5210.14
2015/7/20,2.4583,2.3387,3.5009,5218.86
2015/7/21,2.4417,2.3273,3.5214,5208.12
2015/7/22,2.4071,2.2183,3.5145,5171.77
2015/7/23,2.3335,2.1183,3.4751,5146.41
2015/7/24,2.336,2.1189,3.4602,5088.63
2015/7/27,2.3113,2.0589,3.4602,5039.78
2015/7/28,2.2617,2.1022,3.4401,5089.21
2015/7/29,2.2388,2.1522,3.4302,5111.73
2015/7/30,2.2318,2.181,3.4402,5128.79
2015/7/31,2.253,2.212,3.4752,5128.28
2015/8/3,2.3038,2.2003,3.47,5115.38
2015/8/4,2.3254,2.1743,3.47,5105.55
2015/8/5,2.2428,2.1469,3.4701,5139.95
2015/8/6,2.2073,2.1665,3.46,5056.44
2015/8/7,2.1753,2.0865,3.4553,5043.54
2015/8/10,2.1843,2.1567,3.4755,5101.8
2015/8/11,2.2433,2.2377,3.5256,5036.79
2015/8/12,2.3181,2.2191,3.5402,5044.39
2015/8/13,2.2883,2.2484,3.5153,5033.56
2015/8/14,2.3273,2.2023,3.5052,5048.24
2015/8/17,2.2466,2.2509,3.5176,5091.7
2015/8/18,2.2621,2.2395,3.5126,5059.35
2015/8/19,2.2571,2.2509,3.5201,5019.05
2015/8/20,2.2608,2.2996,3.5051,4877.49
2015/8/21,2.2608,2.2524,3.4951,4706.04
2015/8/24,2.2807,2.2111,3.4701,4526.25
2015/8/25,2.28,2.2337,3.4577,4506.49
2015/8/26,2.2657,2.2537,3.429,4697.54
2015/8/27,2.2661,2.2737,3.3902,4812.71
2015/8/28,2.2735,2.2495,3.3803,4828.33
2015/8/31,2.2519,2.2608,3.3252,4776.51
2015/9/1,2.2628,2.2549,3.3002,4636.11
2015/9/2,2.2586,2.2434,3.3002,4749.98
2015/9/3,,,,4733.5
2015/9/4,,,,4683.92
2015/9/6,2.254,2.1862,3.3203,
2015/9/7,2.2643,2.2133,3.3353,
2015/9/8,2.2737,2.2482,3.3603,4811.93
2015/9/9,2.2543,2.2068,3.3478,4756.53
2015/9/10,2.2546,2.2078,3.3453,4796.25
2015/9/11,2.2543,2.2194,3.3404,4822.34
2015/9/14,2.2862,2.1707,3.3303,4805.76
2015/9/15,2.3261,2.1769,3.3104,4860.52
2015/9/16,2.333,2.1671,3.3103,4889.24
2015/9/17,2.3062,2.197,3.3204,4893.95
2015/9/18,2.3292,2.227,3.3105,4827.23
2015/9/21,2.3271,2.2646,3.3204,4828.96
2015/9/22,2.3078,2.2492,3.3255,4756.72
2015/9/23,2.3086,2.2525,3.3354,4752.74
2015/9/24,2.2893,2.2641,3.318,4734.48
2015/9/25,2.3625,2.2533,3.3101,4686.5
2015/9/28,2.4032,2.242,3.2906,4543.97
2015/9/29,2.389,2.1939,3.2457,4517.32
2015/9/30,2.3919,2.2139,3.2362,4620.17
2015/10/1,,,,4627.08
2015/10/2,,,,4707.78
2015/10/5,,,,4781.26
2015/10/6,,,,4748.36
2015/10/7,,,,4791.15
2015/10/8,2.4031,2.1806,3.2409,4810.79
2015/10/9,2.4091,2.2259,3.1486,4830.47
2015/10/10,2.4116,2.2348,3.1612,
2015/10/12,2.4269,2.2553,3.1488,4838.64
2015/10/13,2.4186,2.2753,3.1064,4796.61
2015/10/14,2.4084,2.3474,3.0414,4782.85
2015/10/15,2.419,2.3395,3.0814,4870.1
2015/10/16,2.432,2.3425,3.1216,4886.69
2015/10/19,2.4286,2.3513,3.1214,4905.47
2015/10/20,2.4255,2.358,3.0615,4880.97
2015/10/21,2.4273,2.3516,3.0616,4840.12
2015/10/22,2.4234,2.3537,3.0516,4920.05
2015/10/23,2.4454,2.3516,3.04,5031.86
2015/10/26,2.4237,2.3708,3.02,5034.7
2015/10/27,2.3748,2.388,2.98,5030.15
2015/10/28,2.3698,2.3628,2.987,5095.69
2015/10/29,2.3683,2.3414,3.05,5074.27
2015/10/30,2.3513,2.3564,3.06,5053.75
2015/11/2,2.4032,2.3254,3.0525,5127.15
2015/11/3,2.4284,2.3388,3.08,5145.13
2015/11/4,2.4312,2.3516,3.1351,5142.48
2015/11/5,2.4342,2.3216,3.115,5127.74
2015/11/6,2.463,2.3649,3.125,5147.12
2015/11/9,2.5389,2.4834,3.2099,5095.3
2015/11/10,2.555,2.5145,3.2001,5083.24
2015/11/11,2.5616,2.4567,3.1226,5067.02
2015/11/12,2.5499,2.5204,3.1351,5005.08
2015/11/13,2.5589,2.5204,3.1251,4927.88
2015/11/16,2.6041,2.5469,3.1352,4984.62
2015/11/17,2.5911,2.5224,3.1252,4986.02
2015/11/18,2.5907,2.5222,3.1402,5075.2
2015/11/19,2.5948,2.5093,3.1402,5073.64
2015/11/20,2.5764,2.5043,3.1251,5104.92
2015/11/23,2.5849,2.5252,3.1302,5102.48
2015/11/24,2.5676,2.5307,3.1077,5102.81
2015/11/25,2.5802,2.5211,3.0853,5116.14
2015/11/26,2.5639,2.4969,3.0503,
2015/11/27,2.5738,2.5169,3.0603,5127.52
2015/11/30,2.5754,2.5701,3.0404,5108.67
2015/12/1,2.5754,2.5743,3.0504,5156.31
2015/12/2,2.5656,2.5499,3.0454,5123.22
2015/12/3,2.5506,2.5627,3.0304,5037.53
2015/12/4,2.5351,2.5033,3.0254,5142.27
2015/12/7,2.5201,2.5098,3.028,5101.81
2015/12/8,2.4911,2.4713,3.0005,5098.24
2015/12/9,2.4866,2.4516,2.9968,5022.87
2015/12/10,2.4841,2.4411,3.0018,5045.17
2015/12/11,2.4644,2.3967,2.9931,4933.47
2015/12/14,2.4523,2.4019,3.0306,4952.23
2015/12/15,2.4474,2.4038,3.0157,4995.36
2015/12/16,2.4028,2.3988,3.0007,5071.13
2015/12/17,2.3907,2.3821,2.9857,5002.55
2015/12/18,2.3647,2.3661,2.9408,4923.08
2015/12/21,2.3601,2.3332,2.8811,4968.92
2015/12/22,2.3204,2.3301,2.861,5001.11
2015/12/23,2.3332,2.3505,2.846,5045.93
2015/12/24,2.3135,2.3302,2.801,5048.49
2015/12/25,2.2946,2.3061,2.8061,
2015/12/28,2.3076,2.3015,2.7961,5040.99
2015/12/29,2.3076,2.3015,2.8061,5107.94
2015/12/30,2.2979,2.2656,2.8261,5065.85
2015/12/31,2.2979,2.2507,2.8212,5007.41
2016/1/4,2.3479,2.3002,2.871,4903.09
2016/1/5,2.368,2.3,2.8911,4891.43
2016/1/6,2.369,2.3296,2.8861,4835.77
2016/1/7,2.37,2.3473,2.8511,4689.43
2016/1/8,2.3634,2.3219,2.8362,4643.63
2016/1/11,2.3511,2.3099,2.8187,4637.99
2016/1/12,2.3054,2.3081,2.7887,4685.92
2016/1/13,2.2804,2.2773,2.7237,4526.06
2016/1/14,2.2793,2.2589,2.7513,4615
2016/1/15,2.2782,2.2292,2.7464,4488.42
2016/1/18,2.2618,2.2491,2.7764,
2016/1/19,2.2724,2.2502,2.7964,4476.95
2016/1/20,2.3105,2.3959,2.8114,4471.69
2016/1/21,2.3006,2.3266,2.7914,4472.06
2016/1/22,2.306,2.2591,2.7741,4591.18
2016/1/25,2.3109,2.28,2.859,4518.49
2016/1/26,2.311,2.2499,2.8616,4567.67
2016/1/27,2.3519,2.2913,2.9016,4468.17
2016/1/28,2.3608,2.2871,2.8866,4506.68
2016/1/29,2.3214,2.2276,2.8419,4613.95
2016/2/1,2.3109,2.2305,2.8368,4620.37
2016/2/2,2.3208,2.2406,2.8818,4516.95
2016/2/3,2.316,2.219,2.8918,4504.24
2016/2/4,2.316,2.2505,2.855,4509.56
2016/2/5,2.3259,2.2271,2.8535,4363.14
2016/2/6,2.3268,2.2271,2.8535,
2016/2/8,,,,4283.75
2016/2/9,,,,4268.76
2016/2/10,,,,4283.59
2016/2/11,,,,4266.84
2016/2/12,,,,4337.51
2016/2/14,2.3018,2.256,2.8221,
2016/2/15,2.3192,2.251,2.8371,
2016/2/16,2.3452,2.2551,2.8376,4435.96
2016/2/17,2.2817,2.2324,2.8351,4534.06
2016/2/18,2.2718,2.2371,2.8351,4487.54
2016/2/19,2.251,2.1541,2.8251,4504.43
2016/2/22,2.2678,2.0626,2.8426,4570.61
2016/2/23,2.2622,2.1082,2.8451,4503.58
2016/2/24,2.2638,2.1034,2.8676,4542.67
2016/2/25,2.2834,2.1178,2.8651,4582.21
2016/2/26,2.2764,2.0511,2.8551,4590.47
2016/2/29,2.2576,2.1012,2.8502,4557.95
2016/3/1,2.2086,2.1141,2.8527,4689.6
2016/3/2,2.2093,2.0806,2.8752,4703.42
2016/3/3,2.2132,2.0513,2.9002,4707.42
2016/3/4,2.1742,2.0166,2.8952,4717.02
2016/3/7,2.1902,2.0365,2.9303,4708.25
2016/3/8,2.187,2.0074,2.9352,4648.83
2016/3/9,2.1864,1.9781,2.8928,4674.38
2016/3/10,2.1895,2.0004,2.8653,4662.16
2016/3/11,2.1612,1.9402,2.8453,4748.47
2016/3/14,2.1469,1.9707,2.8504,4750.28
2016/3/15,2.1275,1.9873,2.8404,4728.67
2016/3/16,2.1012,1.9803,2.8054,4763.97
2016/3/17,2.0788,1.9902,2.8154,4774.99
2016/3/18,2.0551,1.9573,2.8229,4795.65
2016/3/21,2.0552,1.9914,2.8305,4808.87
2016/3/22,2.0842,2.0006,2.8304,4821.66
2016/3/23,2.0589,2.0196,2.8307,4768.86
2016/3/24,2.069,2.0298,2.8309,4773.51
2016/3/25,2.053,1.9771,2.8311,
2016/3/28,2.0918,1.9539,2.8665,4766.79
2016/3/29,2.1039,1.9894,2.851,4846.62
2016/3/30,2.0796,2.0012,2.8362,4869.3
2016/3/31,2.0861,2.0187,2.8419,4869.85
2016/4/1,2.0964,2.0008,2.8422,4914.54
2016/4/4,,,,4891.8
2016/4/5,2.0854,2.0156,2.8637,4843.93
2016/4/6,2.1057,2.0487,2.8689,4920.72
2016/4/7,2.1358,2.0708,2.9049,4848.37
2016/4/8,2.1677,2.0577,2.9158,4850.69
2016/4/11,2.1776,2.0845,2.9091,4833.4
2016/4/12,2.1893,2.1064,2.91,4872.09
2016/4/13,2.2319,2.1257,2.9271,4947.42
2016/4/14,2.2259,2.1461,2.9352,4945.89
2016/4/15,2.2172,2.1111,2.9151,4938.22
2016/4/18,2.2187,2.0872,2.9047,4960.02
2016/4/19,2.2143,2.1006,2.906,4940.33
2016/4/20,2.2296,2.1016,2.9258,4948.13
2016/4/21,2.2349,2.1026,2.9208,4945.89
2016/4/22,2.2706,2.161,2.9309,4906.23
2016/4/25,2.3273,2.1999,2.9362,4895.79
2016/4/26,2.3011,2.1828,2.9212,4888.28
2016/4/27,2.2805,2.1775,2.9108,4863.14
2016/4/28,2.3029,2.2038,2.8863,4805.29
2016/4/29,2.307,2.194,2.8913,4775.36
2016/5/2,,,,4817.59
2016/5/3,2.2752,2.2098,2.889,4763.22
2016/5/4,2.3126,2.198,2.8965,4725.64
2016/5/5,2.35,2.2343,2.9017,4717.09
2016/5/6,2.3403,2.2153,2.9016,4736.16
2016/5/9,2.3526,2.2216,2.8818,4750.21
2016/5/10,2.3248,2.2186,2.9,4809.88
2016/5/11,2.3071,2.2107,2.9075,4760.69
2016/5/12,2.3002,2.1861,2.8975,4737.33
2016/5/13,2.2905,2.1999,2.905,4717.68
2016/5/16,2.2992,2.1999,2.9275,4775.46
2016/5/17,2.2989,2.2047,2.93,4715.73
2016/5/18,2.3131,2.2106,2.955,4739.12
2016/5/19,2.3143,2.2,2.96,4712.53
2016/5/20,2.3064,2.1904,2.95,4769.56
2016/5/23,2.3004,2.1797,2.955,4765.78
2016/5/24,2.3187,2.1749,2.935,4861.06
2016/5/25,2.313,2.181,2.9401,4894.89
2016/5/26,2.3194,2.1701,2.9401,4901.77
2016/5/27,2.3168,2.153,2.9451,4933.51
2016/5/30,2.3196,2.1682,2.9776,
2016/5/31,2.3201,2.1896,2.9851,4948.06
2016/6/1,2.3438,2.1902,2.9952,4952.25
2016/6/2,2.3753,2.2002,3.0127,4971.36
2016/6/3,2.3975,2.2021,3.0152,4942.52
2016/6/6,2.4022,2.1811,3.0041,4968.71
2016/6/7,2.3979,2.1684,3.0071,4961.75
2016/6/8,2.4041,2.1935,3.0077,4974.64
2016/6/9,,,,4958.62
2016/6/10,,,,4894.55
2016/6/12,2.416,2.1987,3.0053,
2016/6/13,2.413,2.2176,2.9979,4848.44
2016/6/14,2.4087,2.2153,2.9654,4843.55
2016/6/15,2.4071,2.2135,2.9604,4834.93
2016/6/16,2.4006,2.2076,2.9455,4844.92
2016/6/17,2.3989,2.183,2.9379,4800.34
2016/6/20,2.4061,2.1904,2.9481,4837.21
2016/6/21,2.4076,2.1859,2.9405,4843.76
2016/6/22,2.402,2.1815,2.9307,4833.32
2016/6/23,2.3979,2.2059,2.9307,4910.04
2016/6/24,2.4005,2.2022,2.8808,4707.98
2016/6/27,2.3985,2.1987,2.831,4594.44
2016/6/28,2.3917,2.1849,2.861,4691.87
2016/6/29,2.4022,2.187,2.8586,4779.25
2016/6/30,2.3901,2.1978,2.8411,4842.67
2016/7/1,2.3611,2.1951,2.8038,4862.57
2016/7/4,2.3611,2.1896,2.8314,
2016/7/5,2.3464,2.2129,2.8514,4822.9
2016/7/6,2.3317,2.227,2.8365,4859.16
2016/7/7,2.317,2.2049,2.8066,4876.81
2016/7/8,2.3074,2.1844,2.8016,4956.76
2016/7/11,2.3039,2.1923,2.8268,4988.64
2016/7/12,2.3131,2.196,2.8368,5022.82
2016/7/13,2.3295,2.2152,2.8494,5005.73
2016/7/14,2.3191,2.1931,2.8395,5034.06
2016/7/15,2.3187,2.1724,2.8271,5029.59
2016/7/18,2.2994,2.1638,2.8271,5055.78
2016/7/19,2.2938,2.155,2.8197,5036.37
2016/7/20,2.265,2.1575,2.7996,5089.93
2016/7/21,2.2404,2.1574,2.7806,5073.9
2016/7/22,2.2629,2.1553,2.7907,5100.16
2016/7/25,2.2629,2.1508,2.8068,5097.63
2016/7/26,2.2663,2.1512,2.7913,5110.05
2016/7/27,2.2423,2.1439,2.7967,5139.81
2016/7/28,2.2383,2.1509,2.7867,5154.98
2016/7/29,2.2394,2.1463,2.7768,5162.13
2016/8/1,2.2369,2.1465,2.783,5184.2
2016/8/2,2.2454,2.1168,2.7792,5137.73
2016/8/3,2.2157,2.1035,2.7718,5159.74
2016/8/4,2.196,2.0973,2.7694,5166.25
2016/8/5,2.186,2.0958,2.7534,5221.12
2016/8/8,2.1851,2.0743,2.7472,5213.14
2016/8/9,2.1789,2.0911,2.7125,5225.48
2016/8/10,2.169,2.0805,2.695,5204.58
2016/8/11,2.1531,2.0814,2.6875,5228.4
2016/8/12,2.1385,2.0648,2.6701,5232.9
2016/8/15,2.1302,2.0474,2.6401,5262.02
2016/8/16,2.0955,2.0279,2.6651,5227.11
2016/8/17,2.1004,2.031,2.6901,5228.66
2016/8/18,2.0904,2.0228,2.6801,5240.15
2016/8/19,2.1015,2.0008,2.7001,5238.38
2016/8/22,2.1032,1.9833,2.6801,5244.6
2016/8/23,2.1026,2.0153,2.7201,5260.08
2016/8/24,2.1108,2.0091,2.7301,5217.7
2016/8/25,2.1199,2.0005,2.7201,5212.2
2016/8/26,2.1262,2.0001,2.6927,5218.92
2016/8/29,2.1282,2.0035,2.7064,5232.33
2016/8/30,2.1286,2.0038,2.7527,5222.99
2016/8/31,2.116,2.0054,2.7425,5213.22
2016/9/1,2.113,2.0012,2.7452,5227.21
2016/9/2,2.1297,2.0249,2.7452,5249.9
2016/9/5,2.1267,2.0142,2.7503,
2016/9/6,2.1359,2.0491,2.7628,5275.91
2016/9/7,2.128,2.04,2.7853,5283.93
2016/9/8,2.1405,2.0492,2.7753,5259.48
2016/9/9,2.1622,2.0295,2.7678,5125.91
2016/9/12,2.1854,2.0299,2.7916,5211.89
2016/9/13,2.1722,2.0292,2.7654,5155.26
2016/9/14,2.1717,2.0893,2.7579,5173.77
2016/9/15,,,,5249.69
2016/9/16,,,,5244.57
2016/9/18,2.1834,2.0983,2.7655,
2016/9/19,2.1784,2.1101,2.7605,5235.03
2016/9/20,2.1734,2.0988,2.7431,5241.35
2016/9/21,2.1734,2.1025,2.7518,5295.18
2016/9/22,2.1634,2.0599,2.7456,5339.52
2016/9/23,2.1584,2.0487,2.7318,5305.75
2016/9/26,2.1534,2.0523,2.7157,5257.49
2016/9/27,2.1684,2.0434,2.7144,5305.71
2016/9/28,2.1684,2.0501,2.7244,5318.55
2016/9/29,2.1684,2.0347,2.7282,5269.15
2016/9/30,2.1584,2.0482,2.7258,5312
2016/10/3,,,,5300.87
2016/10/4,,,,5289.66
2016/10/5,,,,5316.02
2016/10/6,,,,5306.85
2016/10/7,,,,5292.41
2016/10/8,2.1507,2.0574,2.7047,
2016/10/9,2.16,2.0579,2.676,
2016/10/10,2.1487,2.0448,2.6735,5328.67
2016/10/11,2.1513,2.0222,2.6835,5246.79
2016/10/12,2.159,1.9957,2.7098,5239.02
2016/10/13,2.1467,1.9982,2.701,5213.33
2016/10/14,2.1381,1.9427,2.6952,5214.16
2016/10/17,2.1495,1.9803,2.6904,5199.82
2016/10/18,2.1446,1.975,2.6965,5243.84
2016/10/19,2.1361,1.9665,2.6664,5246.41
2016/10/20,2.1361,1.9519,2.6518,5241.83
2016/10/21,2.1461,1.9777,2.6451,5257.4
2016/10/24,2.1593,1.9765,2.6595,5309.83
2016/10/25,2.1493,1.9981,2.6859,5283.4
2016/10/26,2.1803,2.0293,2.72,5250.27
2016/10/27,2.187,2.0211,2.7068,5215.98
2016/10/28,2.1751,2.0087,2.7027,5190.1
2016/10/31,2.1711,2.0229,2.7425,5189.14
2016/11/1,2.1741,1.997,2.7375,5153.58
2016/11/2,2.1621,2.0009,2.7372,5105.57
2016/11/3,2.15,2.0052,2.7301,5058.41
2016/11/4,2.1391,1.9982,2.7339,5046.37
2016/11/7,2.1451,2.0113,2.7475,5166.17
2016/11/8,2.1451,2.0242,2.7634,5193.49
2016/11/9,2.1401,2.021,2.7651,5251.07
2016/11/10,2.1401,2.046,2.7926,5208.8
2016/11/11,2.1406,2.0432,2.815,5237.11
2016/11/14,2.1313,2.05,2.8577,5218.4
2016/11/15,2.1618,2.0514,2.8501,5275.62
2016/11/16,2.1514,2.052,2.8652,5294.58
2016/11/17,2.1813,2.072,2.9055,5333.97
2016/11/18,2.2258,2.0866,2.8901,5321.51
2016/11/21,2.2027,2.1316,2.8851,5368.86
2016/11/22,2.1753,2.1271,2.8689,5386.35
2016/11/23,2.1853,2.1225,2.8451,5380.69
2016/11/24,2.2002,2.1499,2.8502,
2016/11/25,2.2294,2.1295,2.865,5398.92
2016/11/28,2.22,2.1577,2.8502,5368.81
2016/11/29,2.2599,2.1931,2.8906,5379.92
2016/11/30,2.301,2.2976,2.9502,5323.68
2016/12/1,2.327,2.4006,2.9893,5251.11
2016/12/2,2.3509,2.3934,2.9895,5255.65
2016/12/5,2.3974,2.3805,3.0302,5308.89
2016/12/6,2.3702,2.3668,3.1151,5333
2016/12/7,2.3984,2.3809,3.0877,5393.76
2016/12/8,2.44,2.3677,3.0753,5417.36
2016/12/9,2.5096,2.4052,3.0853,5444.5
2016/12/12,2.5744,2.4564,3.1458,5412.54
2016/12/13,2.5995,2.3759,3.1863,5463.83
2016/12/14,2.7059,2.5396,3.2186,5436.67
2016/12/15,2.8556,2.6742,3.3315,5456.85
2016/12/16,2.9874,2.8714,3.2803,5437.16
2016/12/19,3.0491,3.0404,3.3316,5457.44
2016/12/20,3.0491,3.0948,3.3739,5483.94
2016/12/21,2.9194,3.0908,3.2815,5471.43
2016/12/22,2.8718,3.0496,3.1908,5447.42
2016/12/23,2.7165,2.8525,3.1769,5462.69
2016/12/26,2.7236,2.8517,3.1551,
2016/12/27,2.7348,2.8665,3.1628,5487.44
2016/12/28,2.7507,2.8563,3.1223,5438.56
2016/12/29,2.718,2.7023,3.0471,5432.09
2016/12/30,2.6493,2.6515,3.0115,5383.12
2016/12/31,2.6503,2.6474,3.0115,
2017/1/3,2.7484,2.6294,3.1054,5429.08
2017/1/4,2.749,2.6431,3.1823,5477.01
2017/1/5,2.7804,2.6009,3.2086,5487.94
2017/1/6,2.7799,2.6135,3.1953,5521.06
2017/1/9,2.765,2.6135,3.1692,5531.82
2017/1/10,2.7252,2.6017,3.1792,5551.82
2017/1/11,2.7164,2.6057,3.2055,5563.65
2017/1/12,2.7147,2.5816,3.1888,5547.49
2017/1/13,2.6866,2.5511,3.2022,5574.12
2017/1/16,2.6224,2.5302,3.2496,
2017/1/17,2.6677,2.5808,3.2692,5538.73
2017/1/18,2.638,2.6025,3.2682,5555.65
2017/1/19,2.6678,2.6437,3.2584,5540.08
2017/1/20,2.6413,2.5601,3.244,5555.33
2017/1/22,2.643,2.525,3.255,
2017/1/23,2.6429,2.5458,3.2429,5552.94
2017/1/24,2.6418,2.5441,3.2837,5600.96
2017/1/25,2.6543,2.5307,3.3463,5656.34
2017/1/26,2.6757,2.4821,3.3465,5655.18
2017/1/27,,,,5660.78
2017/1/30,,,,5613.71
2017/1/31,,,,5614.79
2017/2/1,,,,5642.65
2017/2/2,,,,5636.2
2017/2/3,2.7402,2.5921,3.4214,5666.77
2017/2/4,2.7926,2.6094,3.4099,
2017/2/6,2.8439,2.6253,3.4905,5663.55
2017/2/7,2.8942,2.6576,3.4866,5674.22
2017/2/8,2.8621,2.6272,3.4591,5682.45
2017/2/9,2.83,2.6525,3.4148,5715.18
2017/2/10,2.8357,2.6128,3.4368,5734.13
2017/2/13,2.8467,2.6009,3.4192,5763.96
2017/2/14,2.8228,2.5953,3.4107,5782.57
2017/2/15,2.8226,2.6234,3.4058,5819.44
2017/2/16,2.8127,2.6029,3.3559,5814.9
2017/2/17,2.7982,2.5609,3.3311,5838.58
2017/2/20,2.7505,2.5508,3.2812,
2017/2/21,2.7166,2.5947,3.3013,5865.95
2017/2/22,2.7087,2.6173,3.2839,5860.63
2017/2/23,2.698,2.5936,3.2714,5835.51
2017/2/24,2.7069,2.5978,3.2916,5845.31
2017/2/27,2.7106,2.582,3.2871,5861.9
2017/2/28,2.7121,2.5965,3.2921,5825.44
2017/3/1,2.7144,2.6104,3.3252,5904.03
2017/3/2,2.7617,2.6098,3.3483,5861.22
2017/3/3,2.8002,2.6042,3.3573,5870.75
2017/3/6,2.786,2.6344,3.3615,5849.18
2017/3/7,2.7857,2.6469,3.3643,5833.93
2017/3/8,2.8246,2.6519,3.4088,5837.55
2017/3/9,2.8368,2.6747,3.4151,5838.81
2017/3/10,2.8271,2.6765,3.4156,5861.73
2017/3/13,2.8138,2.6634,3.3851,5875.78
2017/3/14,2.8314,2.7023,3.3653,5856.82
2017/3/15,2.8365,2.7193,3.3524,5900.05
2017/3/16,2.859,2.7061,3.3097,5900.76
2017/3/17,2.8648,2.7654,3.3124,5901
2017/3/20,2.8579,2.7568,3.3141,5901.53
2017/3/21,2.8939,2.8051,3.3141,5793.83
2017/3/22,2.8885,2.8563,3.3068,5821.64
2017/3/23,2.8841,2.8592,3.3034,5817.69
2017/3/24,2.8517,2.8627,3.2529,5828.74
2017/3/27,2.8517,2.8731,3.2451,5840.37
2017/3/28,2.8467,2.8571,3.2626,5875.14
2017/3/29,2.8442,2.8997,3.2695,5897.55
2017/3/30,2.8443,2.8859,3.289,5914.34
2017/3/31,2.8632,2.8815,3.2828,5911.74
2017/4/1,2.9125,2.8771,3.273,
2017/4/3,,,,5894.68
2017/4/4,,,,5898.61
2017/4/5,2.9555,2.8905,3.3102,5864.48
2017/4/6,2.9766,2.8705,3.3109,5878.95
2017/4/7,2.9962,2.8906,3.2966,5877.81
2017/4/10,3.0066,2.9098,3.3166,5880.93
2017/4/11,3.0041,2.8849,3.3209,5866.77
2017/4/12,3.0016,2.8838,3.3283,5836.16
2017/4/13,3.0017,2.8632,3.322,5805.15
2017/4/14,3.0333,2.8891,3.3599,
2017/4/17,3.0757,2.8899,3.416,5856.79
2017/4/18,3.0908,2.8924,3.4064,5849.47
2017/4/19,3.0912,2.8806,3.4065,5863.03
2017/4/20,3.1164,2.8832,3.424,5916.78
2017/4/21,3.105,2.8728,3.4614,5910.52
2017/4/24,3.1138,2.8781,3.4991,5983.82
2017/4/25,3.115,2.8765,3.4568,6025.49
2017/4/26,3.14,2.9182,3.4519,6025.23
2017/4/27,3.17,2.9186,3.4494,6048.94
2017/4/28,3.1672,2.9392,3.4668,6047.61
2017/5/1,,,,6091.6
2017/5/2,3.2422,2.9548,3.487,6095.37
2017/5/3,3.3079,2.9827,3.5219,6072.55
2017/5/4,3.3736,2.989,3.5517,6075.34
2017/5/5,3.3922,3.0187,3.5592,6100.76
2017/5/8,3.3919,3.052,3.6042,6102.66
2017/5/9,3.4074,3.0341,3.6325,6120.59
2017/5/10,3.453,3.0784,3.69,6129.14
2017/5/11,3.4348,3.0837,3.64,6115.96
2017/5/12,3.4683,3.127,3.6525,6121.23
2017/5/15,3.4709,3.1218,3.61,6149.67
2017/5/16,3.4883,3.1203,3.6225,6169.87
2017/5/17,3.4856,3.1584,3.6275,6011.24
2017/5/18,3.4785,3.1824,3.6075,6055.13
2017/5/19,3.4827,3.1836,3.625,6083.7
2017/5/22,3.4876,3.2004,3.6601,6133.62
2017/5/23,3.4923,3.1835,3.6725,6138.71
2017/5/24,3.486,3.2517,3.6601,6163.02
2017/5/25,3.4655,3.2671,3.6476,6205.26
2017/5/26,3.4704,3.2622,3.6501,6210.19
2017/5/27,3.4651,3.2588,3.6499,
2017/5/30,,,,6203.19
2017/5/31,3.4542,3.2054,3.6102,6198.52
2017/6/1,3.4818,3.2092,3.6152,6246.83
2017/6/2,3.4964,3.3286,3.6277,6305.8
2017/6/5,3.5018,3.3181,3.6152,6295.68
2017/6/6,3.5158,3.3228,3.6328,6275.06
2017/6/7,3.5982,3.4326,3.6427,6297.38
2017/6/8,3.659,3.4628,3.6478,6321.76
2017/6/9,3.6574,3.494,3.6303,6207.92
2017/6/12,3.6138,3.4932,3.5841,6175.47
2017/6/13,3.6138,3.507,3.5754,6220.37
2017/6/14,3.6042,3.5812,3.5354,6194.89
2017/6/15,3.5941,3.5691,3.5554,6165.5
2017/6/16,3.5979,3.5571,3.568,6151.76
2017/6/19,3.573,3.5446,3.5006,6239.01
2017/6/20,3.5488,3.5446,3.4881,6188.03
2017/6/21,3.5488,3.5315,3.5406,6233.95
2017/6/22,3.5489,3.4804,3.5607,6236.69
2017/6/23,3.5057,3.4078,3.5457,6265.25
2017/6/26,3.4815,3.3382,3.5134,6247.15
2017/6/27,3.4495,3.209,3.5084,6146.62
2017/6/28,3.4545,3.159,3.5333,6234.42
2017/6/29,3.4496,3.1488,3.5483,6144.35
2017/6/30,3.46,3.1397,3.5683,6140.42
2017/7/3,3.4596,3.1582,3.6033,6110.06
2017/7/4,3.4546,3.1932,3.6009,
2017/7/5,3.4648,3.161,3.576,6150.86
2017/7/6,3.4464,3.1258,3.566,6089.46
2017/7/7,3.4575,3.1633,3.5897,6153.08
2017/7/10,3.4579,3.1549,3.5911,6176.39
2017/7/11,3.4579,3.2009,3.5836,6193.31
2017/7/12,3.456,3.2382,3.5749,6261.17
2017/7/13,3.4525,3.2169,3.5643,6274.44
2017/7/14,3.4506,3.1647,3.5637,6312.47
2017/7/17,3.4383,3.0848,3.5626,6314.43
2017/7/18,3.4378,3.0624,3.5851,6344.31
2017/7/19,3.442,3.1103,3.5901,6385.04
2017/7/20,3.4071,3.1114,3.574,6390
2017/7/21,3.4047,3.0658,3.5829,6387.75
2017/7/24,3.406,3.0753,3.5769,6410.81
2017/7/25,3.3923,3.0393,3.592,6412.17
2017/7/26,3.3998,3.036,3.617,6422.75
2017/7/27,3.3889,3.008,3.6021,6382.19
2017/7/28,3.383,3.0067,3.6034,6374.68
2017/7/31,3.3974,2.9485,3.626,6348.12
2017/8/1,3.4127,2.9871,3.6373,6362.94
2017/8/2,3.3963,3.0063,3.6311,6362.65
2017/8/3,3.38,2.9574,3.6262,6340.34
2017/8/4,3.3303,2.9488,3.6262,6351.56
2017/8/7,3.3563,2.9192,3.6626,6383.77
2017/8/8,3.3614,2.9057,3.6538,6370.46
2017/8/9,3.3621,2.9093,3.66,6352.33
2017/8/10,3.3448,2.9055,3.6375,6216.87
2017/8/11,3.3413,2.8299,3.6163,6256.56
2017/8/14,3.326,2.7435,3.5925,6340.23
2017/8/15,3.3403,2.7082,3.5801,6333.01
2017/8/16,3.335,2.8011,3.5988,6345.11
2017/8/17,3.3333,2.8219,3.5926,6221.92
2017/8/18,3.3373,2.8168,3.5951,6216.53
2017/8/21,3.3364,2.8295,3.6181,6213.13
2017/8/22,3.3352,2.825,3.6201,6297.48
2017/8/23,3.3355,2.8512,3.6152,6278.41
2017/8/24,3.3468,2.8336,3.6252,6271.33
2017/8/25,3.361,2.906,3.6327,6265.64
2017/8/28,3.3605,2.8842,3.6502,6283.02
2017/8/29,3.3609,2.9158,3.6303,6301.89
2017/8/30,3.3957,3.0631,3.6303,6368.31
2017/8/31,3.3883,3.0032,3.6265,6428.66
2017/9/1,3.3909,2.9691,3.6353,6435.33
2017/9/4,3.3959,2.9352,3.6454,
2017/9/5,3.4214,2.9284,3.6641,6375.57
2017/9/6,3.5062,2.9742,3.6554,6393.31
2017/9/7,3.4837,3.0045,3.6155,6397.87
2017/9/8,3.4625,2.9667,3.6005,6360.19
2017/9/11,3.4771,2.997,3.6156,6432.26
2017/9/12,3.4832,3.0094,3.6181,6454.28
2017/9/13,3.4912,3.0429,3.6356,6460.19
2017/9/14,3.4803,3.0342,3.5982,6429.08
2017/9/15,3.4759,3.0126,3.5982,6448.47
2017/9/18,3.4695,3.0303,3.622,6454.64
2017/9/19,3.4759,3.0258,3.6158,6461.32
2017/9/20,3.4661,3.068,3.6209,6456.04
2017/9/21,3.4715,3.061,3.6334,6422.69
2017/9/22,3.4674,3.0618,3.6209,6426.92
2017/9/25,3.4686,3.0552,3.5985,6370.59
2017/9/26,3.4477,3.1245,3.6172,6380.16
2017/9/27,3.4566,3.0853,3.6235,6453.26
2017/9/28,3.4579,3.1606,3.6136,6453.45
2017/9/29,3.4585,3.1606,3.6136,6495.96
2017/9/30,3.466,3.161,3.6136,
2017/10/2,,,,6516.72
2017/10/3,,,,6531.71
2017/10/4,,,,6534.63
2017/10/5,,,,6585.36
2017/10/6,,,,6590.18
2017/10/9,3.4826,3.2192,3.6477,6579.73
2017/10/10,3.4914,3.2103,3.647,6587.25
2017/10/11,3.4788,3.1815,3.654,6603.55
2017/10/12,3.4891,3.1668,3.6765,6591.51
2017/10/13,3.4881,3.2034,3.674,6605.8
2017/10/16,3.4966,3.24,3.7054,6624.01
2017/10/17,3.5037,3.2164,3.7409,6623.66
2017/10/18,3.4962,3.2624,3.7366,6624.22
2017/10/19,3.4937,3.2658,3.7167,6605.07
2017/10/20,3.4836,3.2887,3.7217,6629.05
2017/10/23,3.4856,3.2893,3.7231,6586.83
2017/10/24,3.4844,3.2871,3.722,6598.43
2017/10/25,3.4969,3.3492,3.7768,6563.89
2017/10/26,3.5127,3.3578,3.7769,6556.77
2017/10/27,3.5194,3.432,3.8266,6701.26
2017/10/30,3.5532,3.4602,3.9115,6698.96
2017/10/31,3.5683,3.4831,3.8917,6727.67
2017/11/1,3.5791,3.503,3.863,6716.53
2017/11/2,3.5791,3.5074,3.8718,6714.94
2017/11/3,3.576,3.4992,3.8816,6764.44
2017/11/6,3.5977,3.4917,3.8694,6786.44
2017/11/7,3.5994,3.4788,3.8813,6767.78
2017/11/8,3.5927,3.5399,3.8725,6789.12
2017/11/9,3.5787,3.5553,3.8863,6750.05
2017/11/10,3.5922,3.5691,3.9,6750.94
2017/11/13,3.5922,3.5708,3.95,6757.6
2017/11/14,3.5955,3.5754,3.9525,6737.87
2017/11/15,3.6154,3.6412,3.95,6706.21
2017/11/16,3.6154,3.6317,3.9225,6793.29
2017/11/17,3.6154,3.6981,3.92,6782.79
2017/11/20,3.6101,3.6797,3.94,6790.71
2017/11/21,3.6203,3.6746,3.95,6862.48
2017/11/22,3.6403,3.6903,3.985,6867.36
2017/11/23,3.6498,3.7009,3.9851,
2017/11/24,3.6688,3.7776,3.9463,6889.16
2017/11/27,3.6905,3.8543,3.9501,6878.52
2017/11/28,3.7,3.8999,3.9601,6912.36
2017/11/29,3.6801,3.8998,3.9101,6824.39
2017/11/30,3.6404,3.8997,3.8901,6873.97
2017/12/1,3.6344,3.9268,3.8852,6847.59
2017/12/4,3.6305,3.9285,3.8902,6775.37
2017/12/5,3.6342,3.9271,3.8752,6762.21
2017/12/6,3.7442,3.95,3.8752,6776.38
2017/12/7,3.7348,3.9498,3.8927,6812.84
2017/12/8,3.7546,3.9593,3.9102,6840.08
2017/12/11,3.7548,3.9679,3.9303,6875.08
2017/12/12,3.7647,3.9708,3.9378,6862.32
2017/12/13,3.7846,4.001,3.9303,6875.8
2017/12/14,3.7781,4.021,3.9104,6856.53
2017/12/15,3.7781,3.9713,3.8904,6936.58
2017/12/18,3.7631,3.9762,3.8904,6994.76
2017/12/19,3.773,3.9709,3.9005,6963.85
2017/12/20,3.8029,3.9805,3.9005,6960.96
2017/12/21,3.7979,3.9712,3.9005,6965.36
2017/12/22,3.7979,3.9649,3.878,6959.96
2017/12/25,3.7979,3.9582,3.8731,
2017/12/26,3.7979,3.9902,3.8881,6936.25
2017/12/27,3.7979,3.9842,3.8956,6939.34
2017/12/28,3.7955,3.9929,3.8857,6950.16
2017/12/29,3.7909,3.9446,3.8807,6903.39
2017/12/30,3.7909,3.887,3.8807,
2017/12/31,3.7909,3.8294,3.8807,
2018/1/2,3.6767,3.7797,3.9008,7006.9
2018/1/3,3.6667,3.6554,3.9162,7065.53
2018/1/4,3.5968,3.514,3.9319,7077.92
2018/1/5,3.5392,3.4058,3.9212,7136.56
2018/1/8,3.5336,3.2977,3.911,7157.39
2018/1/9,3.5382,3.2931,3.8909,7163.58
2018/1/10,3.5675,3.3434,3.9201,7153.57
2018/1/11,3.5675,3.3677,3.9546,7211.78
2018/1/12,3.5827,3.3386,3.9337,7261.06
2018/1/15,3.5826,3.3466,3.965,
2018/1/16,3.5828,3.3527,3.9596,7223.69
2018/1/17,3.5828,3.3722,3.9597,7298.28
2018/1/18,3.5828,3.3759,3.9797,7296.05
2018/1/19,3.5603,3.3759,3.9754,7336.38
2018/1/22,3.5198,3.3617,3.9522,7408.03
2018/1/23,3.5398,3.3719,3.9414,7460.29
2018/1/24,3.5198,3.3478,3.9507,7415.06
2018/1/25,3.5098,3.3514,3.9435,7411.16
2018/1/26,3.5205,3.3163,3.9365,7505.77
2018/1/29,3.5101,3.3164,3.9368,7466.51
2018/1/30,3.5101,3.3266,3.9292,7402.48
2018/1/31,3.4701,3.3266,3.914,7411.48
2018/2/1,3.43,3.3682,3.9066,7385.86
2018/2/2,3.4404,3.2736,3.9092,7240.95
2018/2/5,3.4514,3.2932,3.9167,6967.53
2018/2/6,3.4088,3.2532,3.8825,7115.88
2018/2/7,3.4014,3.2545,3.87,7051.98
2018/2/8,3.3986,3.2573,3.8801,6777.16
2018/2/9,3.3938,3.2326,3.88,6874.49
2018/2/11,3.3969,3.2629,3.8775,
2018/2/12,3.3868,3.265,3.875,6981.96
2018/2/13,3.388,3.2422,3.87,7013.51
2018/2/14,3.374,3.2039,3.8702,7143.62
2018/2/15,,,,7256.43
2018/2/16,,,,7239.47
2018/2/20,,,,7234.31
2018/2/21,,,,7218.23
2018/2/22,3.3905,3.2154,3.8752,7210.09
2018/2/23,3.3773,3.1912,3.8702,7337.39
2018/2/24,3.3773,3.1914,3.8652,
2018/2/26,3.306,3.1898,3.8452,7421.46
2018/2/27,3.2713,3.1642,3.8201,7330.35
2018/2/28,3.2314,3.2024,3.8202,7273.01
2018/3/1,3.238,3.2504,3.8201,7180.56
2018/3/2,3.269,3.1876,3.8352,7257.87
2018/3/5,3.2769,3.1876,3.8453,7330.71
2018/3/6,3.2771,3.1988,3.8253,7372.01
2018/3/7,3.2583,3.1999,3.8203,7396.65
2018/3/8,3.2677,3.2042,3.8203,7427.95
2018/3/9,3.2599,3.1349,3.8278,7560.81
2018/3/12,3.2779,3.1468,3.8243,7588.33
2018/3/13,3.3059,3.1695,3.8362,7511.01
2018/3/14,3.3092,3.1523,3.8413,7496.81
2018/3/15,3.3198,3.1523,3.8257,7481.74
2018/3/16,3.3154,3.1245,3.8154,7481.99
2018/3/19,3.3128,3.1061,3.8104,7344.24
2018/3/20,3.3144,3.0861,3.7906,7364.3
2018/3/21,3.2846,3.0769,3.763,7345.29
2018/3/22,3.2698,3.0613,3.748,7166.68
2018/3/23,3.2367,2.9847,3.7005,6992.67
2018/3/26,3.29,2.9847,3.7307,7220.54
2018/3/27,3.3221,3.0214,3.7432,7008.81
2018/3/28,3.3221,3.0336,3.7406,6949.23
2018/3/29,3.3221,3.0003,3.7456,7063.45
2018/3/30,3.3221,2.9613,3.7407,
2018/4/2,3.2831,2.9509,3.7357,6870.12
2018/4/3,3.2991,2.878,3.7507,6941.28
2018/4/4,3.2591,2.858,3.7234,7042.11
2018/4/5,,,,7076.55
2018/4/6,,,,6915.11
2018/4/8,3.2776,2.858,3.7008,
2018/4/9,3.2281,2.7349,3.6959,6950.34
2018/4/10,3.2384,2.7349,3.7159,7094.3
2018/4/11,3.2387,2.7432,3.7109,7069.03
2018/4/12,3.2092,2.7197,3.7109,7140.25
2018/4/13,3.2013,2.6842,3.7062,7106.65
2018/4/16,3.1707,2.6926,3.6561,7156.29
2018/4/17,3.1611,2.6856,3.6512,7281.1
2018/4/18,2.9125,2.5017,3.5013,7295.24
2018/4/19,2.9611,2.5517,3.5064,7238.06
2018/4/20,3.0061,2.5879,3.5215,7146.13
2018/4/23,3.0484,2.6921,3.6019,7128.6
2018/4/24,3.0152,2.7495,3.5855,7007.35
2018/4/25,3.0247,2.7394,3.6118,7003.74
2018/4/26,3.0279,2.7394,3.6344,7118.68
2018/4/27,3.0155,2.6895,3.6364,7119.8
2018/4/28,2.9965,2.6691,3.6217,
2018/4/30,,,,7066.27
2018/5/1,,,,7130.7
2018/5/2,3.0208,2.7022,3.6665,7100.9
2018/5/3,2.977,2.6882,3.6467,7088.15
2018/5/4,2.9372,2.6518,3.6319,7209.62
2018/5/7,2.9319,2.648,3.6518,7265.21
2018/5/8,2.9233,2.6565,3.6922,7266.9
2018/5/9,2.9295,2.7062,3.7074,7339.91
2018/5/10,2.9235,2.7365,3.6924,7404.98
2018/5/11,2.9305,2.7013,3.6882,7402.88
2018/5/14,2.9469,2.7212,3.6937,7411.32
2018/5/15,2.9669,2.7735,3.7151,7351.63
2018/5/16,3.0185,2.7497,3.7076,7398.3
2018/5/17,3.0701,2.7817,3.712,7382.47
2018/5/18,3.0711,2.7443,3.7099,7354.34
2018/5/21,3.1368,2.8089,3.6939,7394.04
2018/5/22,3.1229,2.7985,3.67,7378.46
2018/5/23,3.1233,2.7848,3.64,7425.96
2018/5/24,3.1245,2.8066,3.6501,7424.43
2018/5/25,3.1249,2.8413,3.6126,7433.85
2018/5/28,3.1415,2.9152,3.6101,
2018/5/29,3.1397,2.9194,3.6001,7396.59
2018/5/30,3.1528,2.904,3.5976,7462.45
2018/5/31,3.1488,2.89,3.6129,7442.12
2018/6/1,3.1619,3.0002,3.6202,7554.33
2018/6/4,3.1751,2.9848,3.6532,7606.46
2018/6/5,3.1703,2.9879,3.6602,7637.86
2018/6/6,3.2003,2.9907,3.6602,7689.24
2018/6/7,3.2161,2.9929,3.6702,7635.07
2018/6/8,3.2117,2.95,3.6453,7645.51
2018/6/11,3.218,2.93,3.6502,7659.93
2018/6/12,3.2414,2.9438,3.6853,7703.79
2018/6/13,3.2406,2.9833,3.6627,7695.7
2018/6/14,3.2209,2.9621,3.6227,7761.04
2018/6/15,3.2183,2.9505,3.6028,7746.38
2018/6/18,,,,7747.03
2018/6/19,3.2168,2.9766,3.5603,7725.59
2018/6/20,3.2848,3.0891,3.6054,7781.52
2018/6/21,3.2856,3.1024,3.5753,7712.95
2018/6/22,3.2775,3.0433,3.5604,7692.82
2018/6/25,3.2792,3.0615,3.5803,7532.01
2018/6/26,3.2772,3.0996,3.5804,7561.63
2018/6/27,3.2775,3.0996,3.5529,7445.09
2018/6/28,3.2242,3.13,3.5304,7503.68
2018/6/29,3.159,3.0122,3.4756,7510.3
2018/7/2,3.134,2.8213,3.4668,7567.69
2018/7/3,3.0543,2.71,3.4955,7502.67
2018/7/4,3.0602,2.6621,3.5107,
2018/7/5,3.0304,2.6536,3.5005,7586.43
2018/7/6,3.0208,2.445,3.5259,7688.39
2018/7/9,3.0404,2.4473,3.5432,7756.2
2018/7/10,3.0603,2.4357,3.5431,7759.2
2018/7/11,3.0654,2.4325,3.5107,7716.61
2018/7/12,3.0654,2.4579,3.5158,7823.92
2018/7/13,3.0654,2.4952,3.4858,7825.98
2018/7/16,3.0259,2.5211,3.4808,7805.72
2018/7/17,3.0259,2.4938,3.4808,7855.12
2018/7/18,3.0508,2.5378,3.4708,7854.44
2018/7/19,3.0507,2.5302,3.4409,7825.3
2018/7/20,3.0507,2.4704,3.5135,7820.2
2018/7/23,3.0508,2.4725,3.5186,7841.87
2018/7/24,3.0508,2.4881,3.5615,7840.77
2018/7/25,3.011,2.4147,3.5614,7932.24
2018/7/26,2.991,2.2928,3.5361,7852.19
2018/7/27,2.9025,2.2957,3.5212,7737.42
2018/7/30,2.8816,2.2888,3.5213,7630
2018/7/31,2.841,2.3032,3.4812,7671.79
2018/8/1,2.807,2.2875,3.4638,7707.29
2018/8/2,2.7722,2.243,3.4713,7802.69
2018/8/3,2.7247,2.1377,3.4567,7812.02
2018/8/6,2.6627,2.0209,3.4568,7859.68
2018/8/7,2.603,2.0119,3.4876,7883.66
2018/8/8,2.623,1.9562,3.5222,7888.33
2018/8/9,2.7227,1.9552,3.5476,7891.78
2018/8/10,2.7252,1.9654,3.5525,7839.11
2018/8/13,2.813,1.9104,3.5826,7819.71
2018/8/14,2.8122,1.9645,3.5519,7870.9
2018/8/15,2.84,2.0049,3.5829,7774.12
2018/8/16,2.8408,2.06,3.6141,7806.52
2018/8/17,2.8833,2.1159,3.6524,7816.33
2018/8/20,2.9004,2.1642,3.6326,7821.01
2018/8/21,2.9432,2.2086,3.63,7859.17
2018/8/22,2.9034,2.2102,3.6075,7889.1
2018/8/23,2.8791,2.1759,3.6101,7878.46
2018/8/24,2.8376,2.1728,3.6278,7945.98
2018/8/27,2.8545,2.1421,3.6303,8017.9
2018/8/28,2.867,2.1477,3.6101,8030.04
2018/8/29,2.8593,2.1451,3.6101,8109.69
2018/8/30,2.8344,2.1427,3.5801,8088.36
2018/8/31,2.8451,2.1205,3.5751,8109.54
2018/9/3,2.8387,2.13,3.5951,
2018/9/4,2.8476,2.1401,3.6101,8091.25
2018/9/5,2.847,2.1407,3.6101,7995.17
2018/9/6,2.8414,2.1318,3.6101,7922.73
2018/9/7,2.8438,2.133,3.6301,7902.54
2018/9/10,2.8407,2.1274,3.6551,7924.16
2018/9/11,2.8457,2.1321,3.6751,7972.47
2018/9/12,2.849,2.1506,3.6551,7954.23
2018/9/13,2.8593,2.1461,3.6526,8013.71
2018/9/14,2.8623,2.1334,3.6351,8010.04
2018/9/17,2.8636,2.1042,3.6327,7895.79
2018/9/18,2.8793,2.1222,3.6452,7956.11
2018/9/19,3.0102,2.1061,3.6727,7950.04
2018/9/20,3.0314,2.0526,3.7003,8028.23
2018/9/21,3.0266,2.0734,3.6752,7986.96
2018/9/24,,,,7993.25
2018/9/25,3.0271,2.0893,3.6754,8007.47
2018/9/26,3.0251,2.0916,3.6503,7990.37
2018/9/27,3.0177,2.1243,3.6253,8041.97
2018/9/28,3.0038,2.2195,3.6153,8046.35
2018/9/29,2.99,2.2225,3.6104,
2018/9/30,2.9657,2.2235,3.6103,
2018/10/1,,,,8037.3
2018/10/2,,,,7999.55
2018/10/3,,,,8025.09
2018/10/4,,,,7879.51
2018/10/5,,,,7788.45
2018/10/8,2.9579,2.0648,3.6155,7735.95
2018/10/9,2.9388,1.874,3.6156,7738.02
2018/10/10,2.9395,1.8246,3.6156,7422.05
2018/10/11,2.8902,1.8662,3.5806,7329.06
2018/10/12,2.8904,1.9269,3.5831,7496.89
2018/10/15,2.88,1.9279,3.5857,7430.74
2018/10/16,2.8902,1.9526,3.5757,7645.49
2018/10/17,2.9027,2.0055,3.5807,7642.7
2018/10/18,2.9027,2.1413,3.5508,7485.14
2018/10/19,2.9027,2.2023,3.5658,7449.03
2018/10/22,2.9027,2.2675,3.591,7468.63
2018/10/23,2.8879,2.2686,3.5709,7437.54
2018/10/24,2.8562,2.3093,3.5409,7108.4
2018/10/25,2.8562,2.2795,3.5409,7318.34
2018/10/26,2.844,2.2697,3.541,7167.21
2018/10/29,2.8203,2.2845,3.5111,7050.29
2018/10/30,2.8054,2.2471,3.5161,7161.65
2018/10/31,2.8054,2.3212,3.5086,7305.9
2018/11/1,2.7858,2.3114,3.4936,7434.06
2018/11/2,2.7863,2.2976,3.5461,7356.99
2018/11/5,2.7763,2.2802,3.5312,7328.85
2018/11/6,2.7516,2.2838,3.5113,7375.96
2018/11/7,2.7269,2.2791,3.4813,7570.75
2018/11/8,2.6771,2.2761,3.4813,7530.89
2018/11/9,2.6586,2.2511,3.4763,7406.9
2018/11/12,2.6123,2.2025,3.4865,7200.87
2018/11/13,2.5913,2.205,3.474,7200.88
2018/11/14,2.559,2.2178,3.4218,7136.39
2018/11/15,2.5092,2.2552,3.3915,7259.03
2018/11/16,2.508,2.2162,3.3515,7247.87
2018/11/19,2.5092,2.2735,3.3772,7028.48
2018/11/20,2.5191,2.314,3.3771,6908.82
2018/11/21,2.4968,2.335,3.3716,6972.25
2018/11/22,2.4892,2.3572,3.3917,
2018/11/23,2.5115,2.2864,3.3917,6938.98
2018/11/26,2.5007,2.3225,3.4151,7081.85
2018/11/27,2.495,2.3271,3.4,7082.7
2018/11/28,2.48,2.3795,3.37,7291.59
2018/11/29,2.47,2.4154,3.36,7273.08
2018/11/30,2.4826,2.3685,3.355,7330.54
2018/12/3,2.4823,2.3569,3.35,7441.51
2018/12/4,2.4604,2.3563,3.305,7158.43
2018/12/5,2.4604,2.3625,3.275,
2018/12/6,2.4585,2.3935,3.2751,7188.26
2018/12/7,2.46,2.401,3.2853,6969.25
2018/12/10,2.4839,2.4561,3.2678,7020.52
2018/12/11,2.4742,2.4661,3.2652,7031.83
2018/12/12,2.4607,2.5184,3.2703,7098.31
2018/12/13,2.4617,2.5201,3.3311,7070.33
2018/12/14,2.4792,2.5525,3.3468,6910.67
2018/12/17,2.4711,2.5525,3.3713,6753.73
2018/12/18,2.4861,2.571,3.3714,6783.91
2018/12/19,2.7011,2.6298,3.3412,6636.83
2018/12/20,2.6906,2.7277,3.3003,6528.41
2018/12/21,2.6806,2.7791,3.3168,6333
2018/12/24,2.7045,2.7947,3.3483,6192.92
2018/12/25,2.7146,2.7951,3.3113,
2018/12/26,2.7001,2.7792,3.3011,6554.36
2018/12/27,2.6611,2.7688,3.2709,6579.49
2018/12/28,2.603,2.6263,3.2315,6584.52
2018/12/29,2.6,2.6153,3.2265,
2018/12/30,2.6,2.6153,3.2265,
2018/12/31,2.6,2.6153,3.2265,6635.28
2019/1/2,2.5014,2.5237,3.1734,6665.94
2019/1/3,2.5017,2.4709,3.141,6463.5
2019/1/4,2.4525,2.3251,3.1513,6738.86
2019/1/7,2.4026,2.3409,3.1507,6823.47
2019/1/8,2.3528,2.3116,3.1211,6897
2019/1/9,2.3777,2.3439,3.1106,6957.08
2019/1/10,2.3627,2.352,3.1006,6986.07
2019/1/11,2.4065,2.2684,3.1058,6971.48
2019/1/14,2.426,2.3013,3.1297,6905.92
2019/1/15,2.4345,2.2992,3.1383,7023.83
2019/1/16,2.36,2.3198,3.0745,7034.69
2019/1/17,2.35,2.3078,3.076,7084.46
2019/1/18,2.3498,2.2924,3.091,7157.23
2019/1/21,2.4209,2.3453,3.1037,
2019/1/22,2.3999,2.3256,3.1071,7020.36
2019/1/23,2.4099,2.3097,3.119,7025.77
2019/1/24,2.4004,2.3093,3.1338,7073.46
2019/1/25,2.3804,2.2851,3.1398,7164.86
2019/1/28,2.3961,2.2787,3.1397,7085.69
2019/1/29,2.3877,2.2129,3.1246,7028.29
2019/1/30,2.3803,2.2356,3.1151,7183.08
2019/1/31,2.3873,2.2051,3.1037,7281.74
2019/2/1,2.351,2.2062,3.1032,7263.87
2019/2/2,2.351,2.2062,3.0978,
2019/2/3,2.3506,2.2062,3.0967,
2019/2/4,,,,7347.54
2019/2/5,,,,7402.08
2019/2/6,,,,7375.28
2019/2/7,,,,7288.35
2019/2/8,,,,7298.2
2019/2/11,2.3381,2.2041,3.067,7307.91
2019/2/12,2.3053,2.1853,3.0748,7414.62
2019/2/13,2.3251,2.1752,3.0719,7420.38
2019/2/14,2.313,2.1639,3.0726,7426.96
2019/2/15,2.3094,2.0058,3.0794,7472.41
2019/2/18,2.3206,2.0626,3.1094,
2019/2/19,2.3141,2.0619,3.1279,7486.77
2019/2/20,2.3053,2.0611,3.1196,7489.07
2019/2/21,2.3356,2.0509,3.1361,7459.71
2019/2/22,2.3592,2.0366,3.1451,7527.55
2019/2/25,2.344,2.0525,3.1787,7554.46
2019/2/26,2.3546,2.1883,3.1878,7549.3
2019/2/27,2.39,2.1495,3.1689,7554.51
2019/2/28,2.4053,2.1346,3.1731,7532.53
2019/3/1,2.4338,2.0102,3.187,7595.35
2019/3/4,2.4442,1.963,3.2023,7577.57
2019/3/5,2.4431,2.0273,3.2149,7576.36
2019/3/6,2.4486,2.0013,3.2021,7505.92
2019/3/7,2.4532,1.9626,3.1572,7421.46
2019/3/8,2.4503,1.9539,3.1423,7408.14
2019/3/11,2.4471,1.9302,3.1374,7558.06
2019/3/12,2.4613,2.006,3.1424,7591.03
2019/3/13,2.4705,2.001,3.1375,7643.41
2019/3/14,2.4719,2.1556,3.1475,7630.91
2019/3/15,2.4632,2.1529,3.1376,7688.53
2019/3/18,2.4773,2.1595,3.1377,7714.48
2019/3/19,2.4787,2.1657,3.1377,7723.95
2019/3/20,2.4698,2.1546,3.1453,7728.97
2019/3/21,2.4498,2.1536,3.1291,7838.96
2019/3/22,2.4655,2.1446,3.108,7642.67
2019/3/25,2.4795,2.1062,3.0831,7637.54
2019/3/26,2.4706,2.0915,3.0633,7691.52
2019/3/27,2.4669,2.1293,3.0882,7643.38
2019/3/28,2.4478,2.1513,3.0634,7669.17
2019/3/29,2.4377,2.1427,3.0683,7729.32
2019/4/1,2.4407,2.0522,3.1332,7828.91
2019/4/2,2.4522,2.0826,3.1681,7848.69
2019/4/3,2.4639,2.0811,3.2331,7895.55
2019/4/4,2.4759,2.0715,3.2679,7891.78
2019/4/5,,,,7938.69
2019/4/8,2.4746,2.1573,3.2482,7953.88
2019/4/9,2.4664,2.159,3.2882,7909.28
2019/4/10,2.4753,2.1727,3.2932,7964.24
2019/4/11,2.4794,2.1753,3.2784,7947.36
2019/4/12,2.52,2.1064,3.3334,7984.16
2019/4/15,2.5336,2.2019,3.3736,7976.01
2019/4/16,2.5856,2.1865,3.3937,8000.23
2019/4/17,2.7156,2.2006,3.3938,7996.08
2019/4/18,2.6712,2.2267,3.3589,7998.06
2019/4/19,2.6797,2.187,3.3741,
2019/4/22,2.6913,2.1247,3.4091,8015.27
2019/4/23,2.702,2.189,3.3993,8120.82
2019/4/24,2.6968,2.1705,3.4343,8102.02
2019/4/25,2.6902,2.1765,3.4193,8118.68
2019/4/26,2.6742,2.2105,3.4043,8146.4
2019/4/28,2.6988,2.2105,3.4043,
2019/4/29,2.7223,2.2475,3.4268,8161.85
2019/4/30,2.6902,2.2545,3.3869,8095.39
2019/5/1,,,,8049.64
2019/5/2,,,,8036.77
2019/5/3,,,,8164
2019/5/5,2.6902,2.2595,3.3849,
2019/5/6,2.6794,2.2713,3.355,8123.29
2019/5/7,2.6764,2.2736,3.3551,7963.76
2019/5/8,2.6801,2.2953,3.3426,7943.32
2019/5/9,2.6618,2.2867,3.3116,7910.59
2019/5/10,2.685,2.351,3.3017,7916.94
2019/5/13,2.6844,2.3773,3.2709,7647.02
2019/5/14,2.6783,2.356,3.2859,7734.49
2019/5/15,2.6848,2.3287,3.2762,7822.15
2019/5/16,2.683,2.2828,3.2662,7898.05
2019/5/17,2.6775,2.2888,3.2665,7816.29
2019/5/20,2.6593,2.2624,3.2717,7702.38
2019/5/21,2.6623,2.2779,3.299,7785.72
2019/5/22,2.7,2.3063,3.3264,7750.84
2019/5/23,2.695,2.31,3.31,7628.28
2019/5/24,2.6912,2.2934,3.3125,7637.01
2019/5/27,2.7535,2.3087,3.35,
2019/5/28,2.7352,2.3947,3.31,7607.35
2019/5/29,2.715,2.3633,3.2875,7547.31
2019/5/30,2.6964,2.3818,3.275,7567.72
2019/5/31,2.679,2.3996,3.2751,7453.15
2019/6/3,2.6934,2.416,3.2401,7333.02
2019/6/4,2.671,2.4115,3.2101,7527.12
2019/6/5,2.6632,2.4162,3.21,7575.48
2019/6/6,2.6542,2.4053,3.2136,7615.55
2019/6/7,,,,7742.1
2019/6/10,2.6661,2.4105,3.2251,7823.17
2019/6/11,2.6772,2.4162,3.2651,7822.57
2019/6/12,2.6849,2.4136,3.2601,7792.72
2019/6/13,2.7155,2.4106,3.2451,7837.13
2019/6/14,2.7338,2.4302,3.2302,7796.66
2019/6/17,2.7264,2.4549,3.2252,7845.02
2019/6/18,2.727,2.4312,3.2302,7953.88
2019/6/19,2.7231,2.351,3.2427,7987.32
2019/6/20,2.6889,2.332,3.2352,8051.34
2019/6/21,2.6608,2.2566,3.2303,8031.71
2019/6/24,2.6633,2.2464,3.2453,8005.7
2019/6/25,2.6593,2.2536,3.2353,7884.72
2019/6/26,2.6604,2.2342,3.2453,7909.97
2019/6/27,2.6565,2.2375,3.2553,7967.76
2019/6/28,2.6429,2.187,3.2254,8006.24
2019/7/1,2.6554,2.1946,3.2254,8091.16
2019/7/2,2.6263,2.1661,3.1704,8109.09
2019/7/3,2.5926,2.0509,3.1554,8170.23
2019/7/4,2.5845,2.0671,3.1479,
2019/7/5,2.5957,2.0395,3.1705,8161.79
2019/7/8,2.61,2.0511,3.1805,8098.38
2019/7/9,2.6267,2.0588,3.168,8141.73
2019/7/10,2.5918,2.0317,3.1706,8202.53
2019/7/11,2.6031,2.0544,3.168,8196.04
2019/7/12,2.6186,2.0393,3.1531,8244.14
2019/7/15,2.6244,2.0321,3.1782,8258.19
2019/7/16,2.6246,2.0884,3.1732,8222.8
2019/7/17,2.6378,2.1306,3.1757,8185.21
2019/7/18,2.6382,2.1624,3.1608,8207.24
2019/7/19,2.6344,2.1492,3.1559,8146.49
2019/7/22,2.6386,2.1948,3.1484,8204.14
2019/7/23,2.6302,2.2086,3.1484,8251.4
2019/7/24,2.6317,2.1882,3.171,8321.5
2019/7/25,2.6317,2.203,3.1635,8238.54
2019/7/26,2.6267,2.2222,3.1661,8330.21
2019/7/29,2.6277,2.2687,3.1836,8293.33
2019/7/30,2.6285,2.2802,3.1761,8273.61
2019/7/31,2.6183,2.31,3.1552,8175.42
2019/8/1,2.6155,2.3302,3.1487,8111.12
2019/8/2,2.5973,2.3082,3.0914,8004.07
2019/8/5,2.5875,2.3303,3.0563,7726.04
2019/8/6,2.5724,2.3314,3.0613,7833.27
2019/8/7,2.572,2.3404,3.0514,7862.83
2019/8/8,2.5752,2.3406,3.0465,8039.16
2019/8/9,2.5694,2.3202,3.0216,7959.14
2019/8/12,2.5906,2.3489,3.0391,7863.41
2019/8/13,2.5915,2.3549,3.0041,8016.36
2019/8/14,2.5896,2.3512,3.0105,7773.94
2019/8/15,2.5965,2.3853,3.0115,7766.62
2019/8/16,2.5949,2.4038,3.0217,7895.99
2019/8/19,2.5969,2.4003,3.0191,8002.81
2019/8/20,2.6012,2.3845,3.0317,7948.56
2019/8/21,2.628,2.4348,3.0567,8020.21
2019/8/22,2.6235,2.4369,3.0543,7991.39
2019/8/23,2.6195,2.4375,3.0644,7751.77
2019/8/26,2.6081,2.4457,3.0494,7853.74
2019/8/27,2.6258,2.4595,3.052,7826.95
2019/8/28,2.626,2.4759,3.052,7856.88
2019/8/29,2.6311,2.4858,3.0321,7973.39
2019/8/30,2.6179,2.448,3.0573,7962.88
2019/9/2,2.6205,2.4412,3.0723,
2019/9/3,2.6235,2.4402,3.0624,7874.16
2019/9/4,2.63,2.4149,3.0473,7976.88
2019/9/5,2.6129,2.4216,3.0173,8116.83
2019/9/6,2.6102,2.3942,3.0173,8103.07
2019/9/9,2.6298,2.414,3.025,8087.44
2019/9/10,2.62,2.4063,3.0425,8084.16
2019/9/11,2.6119,2.3995,3.0525,8169.68
2019/9/12,2.6012,2.3888,3.0876,8194.47
2019/9/13,,,,8176.71
2019/9/16,2.5961,2.4168,3.0926,8153.54
2019/9/17,2.5963,2.4032,3.1076,8186.02
2019/9/18,2.5503,2.4,3.1278,8177.39
2019/9/19,2.5507,2.3169,3.1053,8182.88
2019/9/20,2.5718,2.3071,3.098,8117.67
2019/9/23,2.5652,2.3166,3.1005,8112.46
2019/9/24,2.5654,2.2934,3.1205,7993.63
2019/9/25,2.5503,2.2838,3.1157,8077.38
2019/9/26,2.5457,2.2767,3.1381,8030.66
2019/9/27,2.5413,2.2417,3.1482,7939.63
2019/9/29,2.5493,2.2759,3.1434,
2019/9/30,2.5628,2.2846,3.1411,7999.34
2019/10/1,,,,7908.69
2019/10/2,,,,7785.25
2019/10/3,,,,7872.27
2019/10/4,,,,7982.47
2019/10/7,,,,7956.29
2019/10/8,2.5513,2.25,3.1063,7823.78
2019/10/9,2.5643,2.2452,3.1089,7903.74
2019/10/10,2.5651,2.2379,3.1289,7950.78
2019/10/11,2.5551,2.271,3.1564,8057.04
2019/10/12,2.5546,2.2839,3.1716,
2019/10/14,2.5264,2.2907,3.1641,8048.65
2019/10/15,2.5499,2.2973,3.1668,8148.71
2019/10/16,2.5591,2.3063,3.1693,8124.18
2019/10/17,2.5528,2.2708,3.1569,8156.85
2019/10/18,2.5678,2.3517,3.187,8089.54
2019/10/21,2.5857,2.362,3.2196,8162.99
2019/10/22,2.5784,2.3692,3.2196,8104.3
2019/10/23,2.6255,2.4261,3.2122,8119.79
2019/10/24,2.6387,2.4322,3.2196,8185.8
2019/10/25,2.6204,2.4023,3.2372,8243.12
2019/10/28,2.6318,2.4701,3.2924,8325.99
2019/10/29,2.6369,2.4772,3.3029,8276.85
2019/10/30,2.6644,2.4795,3.3125,8303.98
2019/10/31,2.6648,2.4819,3.288,8292.36
2019/11/1,2.6576,2.5073,3.2757,8386.4
2019/11/4,2.6654,2.5061,3.2954,8433.2
2019/11/5,2.6654,2.4992,3.2454,8434.68
2019/11/6,2.6651,2.553,3.2555,8410.63
2019/11/7,2.6588,2.5316,3.2736,8434.52
2019/11/8,2.6579,2.5072,3.2765,8475.31
2019/11/11,2.6535,2.4933,3.2463,8464.28
2019/11/12,2.6599,2.4951,3.255,8486.09
2019/11/13,2.6978,2.5164,3.237,8482.1
2019/11/14,2.6818,2.5241,3.2555,8479.02
2019/11/15,2.6877,2.5185,3.2355,8540.83
2019/11/18,2.6622,2.5005,3.1993,8549.94
2019/11/19,2.6473,2.4719,3.1743,8570.66
2019/11/20,2.6427,2.4686,3.1747,8526.73
2019/11/21,2.6385,2.4556,3.1749,8506.21
2019/11/22,2.6379,2.4581,3.1747,8519.89
2019/11/25,2.6471,2.4708,3.1875,8632.49
2019/11/26,2.6515,2.4511,3.1675,8647.93
2019/11/27,2.6369,2.4749,3.17,8705.18
2019/11/28,2.65,2.4388,3.165,
2019/11/29,2.6431,2.4335,3.165,8665.47
2019/12/2,2.6506,2.4097,3.2062,8567.99
2019/12/3,2.6365,2.4435,3.1746,8520.64
2019/12/4,2.6235,2.4634,3.1751,8566.67
2019/12/5,2.6297,2.4775,3.1776,8570.7
2019/12/6,2.6414,2.454,3.1751,8656.53
2019/12/9,2.6386,2.4427,3.1903,8621.83
2019/12/10,2.636,2.4609,3.1776,8616.18
2019/12/11,2.6104,2.44,3.1702,8654.05
2019/12/12,2.6104,2.4107,3.1652,8717.32
2019/12/13,2.6135,2.4131,3.1828,8734.88
2019/12/16,2.6233,2.4013,3.1854,8814.23
2019/12/17,2.6306,2.4143,3.2133,8823.36
2019/12/18,2.6185,2.4207,3.2139,8827.73
2019/12/19,2.5969,2.4096,3.2139,8887.22
2019/12/20,2.5795,2.3504,3.1808,8924.96
2019/12/23,2.5545,2.3038,3.1661,8945.65
2019/12/24,2.5008,2.3176,3.1535,8952.88
2019/12/25,2.4808,2.2015,3.1463,
2019/12/26,2.3918,2.2002,3.1137,9022.39
2019/12/27,2.3788,2.0752,3.1292,9006.62
2019/12/30,2.3623,2.0074,3.1322,8945.99
2019/12/31,2.3631,2.0074,3.1365,8972.6
2020/1/2,2.416,2.0092,3.1485,9092.19
2020/1/3,2.4359,2.0067,3.1428,9020.77
2020/1/6,2.4121,2.06,3.1352,9071.47
2020/1/7,2.4272,2.0355,3.1379,9068.58
2020/1/8,2.3,2.004,3.1337,9129.24
2020/1/9,2.3042,2.0002,3.1184,9203.43
2020/1/10,2.2744,1.9978,3.0819,9178.86
2020/1/13,2.2807,1.9846,3.084,9273.93
2020/1/14,2.3009,2.0132,3.0994,9251.33
2020/1/15,2.2854,2.056,3.0897,9258.7
2020/1/16,2.2721,2.15,3.0918,9357.13
2020/1/17,2.2618,2.0953,3.0832,9388.94
2020/1/19,2.2627,2.0903,3.078,
2020/1/20,2.2019,2.0558,3.0776,
2020/1/21,2.2058,2.0542,3.0337,9370.81
2020/1/22,2.181,2.0528,3.0282,9383.77
2020/1/23,2.181,2.035,2.9932,9402.48
2020/1/24,,,,9314.91
2020/1/27,,,,9139.31
2020/1/28,,,,9269.68
2020/1/29,,,,9275.16
2020/1/30,,,,9298.93
2020/1/31,,,,9150.94
2020/2/3,2.091,1.78,2.8231,9273.4
2020/2/4,2.1,1.7475,2.8551,9467.97
2020/2/5,2.0773,1.7475,2.844,9508.68
2020/2/6,2.0593,1.7496,2.8392,9572.15
2020/2/7,2.0525,1.6786,2.8024,9520.51
2020/2/10,2,1.6272,2.7872,9628.39
2020/2/11,1.99,1.6263,2.834,9638.94
2020/2/12,1.99,1.657,2.8333,9725.96
2020/2/13,1.981,1.6325,2.8201,9711.97
2020/2/14,1.9613,1.6712,2.8631,9731.18
2020/2/17,1.9358,1.705,2.8928,
2020/2/18,1.9358,1.744,2.8664,9732.74
2020/2/19,1.9365,1.7535,2.8776,9817.18
2020/2/20,1.9459,1.7741,2.8857,9750.97
2020/2/21,1.9309,1.7744,2.847,9576.59
2020/2/24,1.8853,1.7795,2.812,9221.28
2020/2/25,1.8951,1.7715,2.822,8965.61
2020/2/26,1.8863,1.7556,2.7973,8980.77
2020/2/27,1.9051,1.751,2.7702,8566.48
2020/2/28,1.9291,1.7865,2.7376,8567.37
2020/3/2,1.9251,1.7825,2.7428,8952.17
2020/3/3,1.958,1.7831,2.7478,8684.09
2020/3/4,1.943,1.7534,2.673,9018.09
2020/3/5,1.943,1.7547,2.6829,8738.6
2020/3/6,1.913,1.6886,2.628,8575.62
2020/3/9,1.8806,1.6523,2.5205,7950.68
2020/3/10,1.9068,1.6661,2.613,8344.25
2020/3/11,1.9154,1.7001,2.6079,7952.05
2020/3/12,1.9166,1.6994,2.6379,7201.8
2020/3/13,1.9234,1.6705,2.6759,7874.88
2020/3/16,1.8954,1.6802,2.6758,6904.59
2020/3/17,1.8954,1.627,2.7135,7334.78
2020/3/18,1.9154,1.6002,2.7136,6989.84
2020/3/19,1.8853,1.5704,2.7299,7150.58
2020/3/20,1.8682,1.5168,2.6815,6879.52
2020/3/23,1.8482,1.516,2.6315,6860.67
2020/3/24,1.8081,1.516,2.6289,7417.86
2020/3/25,1.7686,1.4522,2.6289,7384.3
2020/3/26,1.7175,1.4003,2.594,7797.54
2020/3/27,1.7412,1.4026,2.609,7502.38
2020/3/30,1.7362,1.4097,2.6142,7774.15
2020/3/31,1.687,1.4062,2.5899,7700.1
2020/4/1,1.6778,1.3001,2.555,7360.58
2020/4/2,1.6548,1.2837,2.5854,7487.31
2020/4/3,1.6548,1.2386,2.5965,7373.08
2020/4/6,,,,7913.24
2020/4/7,1.3448,1.0998,2.5112,7887.26
2020/4/8,1.2044,1.05,2.4824,8090.9
2020/4/9,1.2044,1.0501,2.5226,8153.58
2020/4/10,1.24,1.1026,2.5403,
2020/4/13,1.2643,1.1112,2.5658,8192.43
2020/4/14,1.2331,1.0905,2.5591,8515.74
2020/4/15,1.225,1.0501,2.5455,8393.18
2020/4/16,1.2088,1.005,2.5276,8532.36
2020/4/17,1.2257,0.9319,2.559,8650.14
2020/4/20,1.2025,0.9075,2.592,8560.73
2020/4/21,1.1826,0.8562,2.5791,8263.23
2020/4/22,1.1352,0.8944,2.5567,8495.38
2020/4/23,1.1228,0.856,2.5227,8494.75
2020/4/24,1.1279,0.8581,2.51,8634.52
2020/4/26,1.1324,0.8591,2.5205,
2020/4/27,1.13,0.8408,2.5345,8730.16
2020/4/28,1.1338,0.8408,2.5254,8607.73
2020/4/29,1.1177,0.8352,2.5009,8914.71
2020/4/30,1.1465,0.8923,2.538,8889.55
2020/5/1,,,,8604.95
2020/5/4,,,,8710.72
2020/5/5,,,,8809.12
2020/5/6,1.1616,0.9068,2.5809,8854.39
2020/5/7,1.1919,0.8785,2.6298,8979.66
2020/5/8,1.2134,0.9085,2.6207,9121.32
2020/5/9,1.2097,0.9297,2.64,
2020/5/11,1.2194,0.9601,2.6698,9192.34
2020/5/12,1.2225,0.9309,2.6603,9002.55
2020/5/13,1.2381,1.0002,2.7076,8863.17
2020/5/14,1.2334,1.0005,2.6989,8943.72
2020/5/15,1.2186,1.0076,2.682,9014.56
2020/5/18,1.2561,1.0414,2.7253,9234.83
2020/5/19,1.2787,1.0307,2.7272,9185.1
2020/5/20,1.3128,1.1012,2.69,9375.78
2020/5/21,1.3328,1.1032,2.685,9284.88
2020/5/22,1.3923,1.1202,2.6176,9324.59
2020/5/25,1.4574,1.1665,2.6852,
2020/5/26,1.529,1.172,2.7402,9340.22
2020/5/27,1.589,1.4074,2.7527,9412.36
2020/5/28,1.5995,1.4198,2.7201,9368.99
2020/5/29,1.601,1.4627,2.7053,9489.87
2020/6/1,1.5897,1.458,2.7253,9552.05
2020/6/2,1.7018,1.4821,2.7852,9608.38
2020/6/3,1.8201,1.6675,2.7901,9682.91
2020/6/4,1.9201,1.6879,2.8301,9615.81
2020/6/5,2.0801,1.7652,2.8475,9814.08
2020/6/8,2.0801,1.8743,2.8101,9924.75
2020/6/9,2.0521,1.8469,2.8031,9953.75
2020/6/10,2.0677,1.9026,2.8201,10020.35
2020/6/11,2.0723,1.8991,2.7701,9492.73
2020/6/12,2.0504,1.8698,2.7451,9588.81
2020/6/15,2.0364,1.84,2.7878,9726.02
2020/6/16,2.0757,1.8401,2.8402,9895.87
2020/6/17,2.1117,1.9009,2.8802,9910.53
2020/6/18,2.1156,1.8806,2.8527,9943.05
2020/6/19,2.1203,1.8239,2.8752,9946.12
2020/6/22,2.145,1.8621,2.9153,10056.47
2020/6/23,2.223,1.9054,2.9127,10131.37
2020/6/24,2.1495,1.8839,2.8614,9909.17
2020/6/25,,,,10017
2020/6/26,,,,9757.22
2020/6/28,2.1261,1.8691,2.8404,
2020/6/29,2.1144,1.7467,2.8504,9874.15
2020/6/30,2.1764,1.7385,2.823,10058.77
2020/7/1,2.1276,1.7067,2.8456,10154.63
2020/7/2,2.0976,1.7299,2.8584,10207.63
2020/7/3,2.0976,1.7016,2.8974,
2020/7/6,2.1263,1.719,2.9959,10433.65
2020/7/7,2.1513,1.7455,3.0158,10343.89
2020/7/8,2.16,1.8606,3.0632,10492.5
2020/7/9,2.2256,1.9821,3.0809,10547.75
2020/7/10,2.2165,2.1012,3.0305,10617.44
2020/7/13,2.208,2.1063,3.0557,10390.84
2020/7/14,2.198,2.0499,3.0057,10488.58
2020/7/15,2.2,2.0321,2.9559,10550.49
2020/7/16,2.1534,2.0242,2.9459,10473.83
2020/7/17,2.2256,2.0296,2.9507,10503.19
2020/7/20,2.254,1.9934,2.9311,10767.09
2020/7/21,2.2455,1.9876,2.9011,10680.36
2020/7/22,2.2552,2.0001,2.8861,10706.13
2020/7/23,2.2538,1.9642,2.9064,10461.42
2020/7/24,2.2446,1.9613,2.8612,10363.18
2020/7/27,2.2461,1.9507,2.8791,10536.27
2020/7/28,2.2565,2.005,2.9214,10402.09
2020/7/29,2.2459,1.9994,2.9415,10542.94
2020/7/30,2.2461,1.9799,2.9364,10587.81
2020/7/31,2.2428,1.9799,2.9664,10745.27
2020/8/3,2.1565,1.9415,2.9466,10902.8
2020/8/4,2.1746,2.0142,2.9365,10941.17
2020/8/5,2.2288,2.05,2.9592,10998.4
2020/8/6,2.2356,2.0604,2.9816,11108.07
2020/8/7,2.2225,2.0615,2.9918,11010.98
2020/8/10,2.2001,2.0812,2.9543,10968.36
2020/8/11,2.2213,2.0889,2.9544,10782.82
2020/8/12,2.2415,2.1467,2.962,11012.24
2020/8/13,2.2522,2.1485,2.9555,11042.5
2020/8/14,2.2744,2.1319,2.9369,11019.3
2020/8/17,2.265,2.1242,2.9421,11129.73
2020/8/18,2.2754,2.1174,2.9771,11210.84
2020/8/19,2.4369,2.1536,2.9921,11146.46
2020/8/20,2.4237,2.1831,2.9973,11264.95
2020/8/21,2.4336,2.1961,2.9823,11311.8
2020/8/24,2.4437,2.2,2.9998,11379.72
2020/8/25,2.4742,2.1698,3.0424,11466.47
2020/8/26,2.4854,2.2027,3.0511,11665.06
2020/8/27,2.4961,2.2199,3.0599,11625.34
2020/8/28,2.4869,2.2478,3.0672,11695.63
2020/8/31,2.5123,2.2335,3.0177,11775.46
2020/9/1,2.5203,2.2348,3.0478,11939.67
2020/9/2,2.5563,2.2755,3.1027,12056.44
2020/9/3,2.5712,2.2779,3.1051,11458.1
2020/9/4,2.5885,2.2795,3.1228,11313.13
2020/9/7,2.6151,2.3757,3.1454,
2020/9/8,2.5969,2.3633,3.123,10847.69
2020/9/9,2.603,2.3873,3.0805,11141.56
2020/9/10,2.573,2.3617,3.0833,10919.59
2020/9/11,2.5964,2.3232,3.1346,10853.54
2020/9/14,2.6051,2.2859,3.1532,11056.65
2020/9/15,2.5934,2.2871,3.1083,11190.32
2020/9/16,2.6114,2.3333,3.126,11050.47
2020/9/17,2.6124,2.3316,3.1334,10910.28
2020/9/18,2.6088,2.3218,3.1162,10793.28
2020/9/21,2.6127,2.2852,3.0999,10778.8
2020/9/22,2.6082,2.3201,3.0863,10963.64
2020/9/23,2.6282,2.2718,3.089,10632.99
2020/9/24,2.5942,2.2215,3.084,10672.27
2020/9/25,2.6116,2.2131,3.1295,10913.56
2020/9/27,2.6005,2.2067,3.1324,
2020/9/28,2.6075,2.215,3.1092,11117.53
2020/9/29,2.6381,2.3109,3.1292,11085.25
2020/9/30,2.6462,2.3213,3.1482,11167.51
2020/10/1,,,,11326.51
2020/10/2,,,,11075.02
2020/10/5,,,,11332.49
2020/10/6,,,,11154.6
2020/10/7,,,,11364.6
2020/10/8,,,,11420.98
2020/10/9,2.7017,2.3662,3.1873,11579.94
2020/10/10,2.7017,2.3443,3.1898,
2020/10/12,2.6937,2.3747,3.1861,11876.26
2020/10/13,2.6959,2.3731,3.195,11863.9
2020/10/14,2.7189,2.5231,3.215,11768.73
2020/10/15,2.6882,2.6124,3.23,11713.87
2020/10/16,2.6961,2.6137,3.2202,11671.56
2020/10/19,2.6973,2.6213,3.2005,11478.88
2020/10/20,2.7047,2.6238,3.1955,11516.49
2020/10/21,2.6848,2.6355,3.1855,11484.69
2020/10/22,2.6461,2.6327,3.1707,11506.01
2020/10/23,2.6821,2.6359,3.1957,11548.28
2020/10/26,2.6917,2.6453,3.1934,11358.94
2020/10/27,2.6867,2.6459,3.1609,11431.35
2020/10/28,2.7228,2.6631,3.181,11004.87
2020/10/29,2.7191,2.656,3.186,11185.59
2020/10/30,2.7273,2.662,3.181,10911.59
2020/11/2,2.7525,2.6647,3.1785,10957.61
2020/11/3,2.7322,2.6364,3.1762,11160.57
2020/11/4,2.7347,2.6591,3.1687,11590.78
2020/11/5,2.7481,2.6633,3.1912,11890.93
2020/11/6,2.7832,2.6513,3.2063,11895.23
2020/11/9,2.7944,2.6578,3.2363,11713.78
2020/11/10,2.7882,2.6564,3.2241,11553.86
2020/11/11,2.8009,2.7113,3.2391,11786.43
2020/11/12,2.8287,2.756,3.2614,11709.59
2020/11/13,2.8464,2.7926,3.2715,11829.29
2020/11/16,2.8497,2.6887,3.2741,11924.13
2020/11/17,2.8634,2.6887,3.2866,11899.34
2020/11/18,2.94,2.7526,3.324,11801.6
2020/11/19,2.9433,2.808,3.3487,11904.71
2020/11/20,2.9503,2.9216,3.31,11854.97
2020/11/23,2.951,2.8924,3.265,11880.63
2020/11/24,2.969,2.9023,3.29,12036.79
2020/11/25,2.9461,2.9031,3.2675,12094.4
2020/11/26,2.9357,2.9279,3.285,
2020/11/27,2.9104,2.9274,3.3,12205.85
2020/11/30,2.831,2.8599,3.25,12198.74
2020/12/1,2.8457,2.8801,3.2725,12355.11
2020/12/2,2.8608,2.8707,3.2925,12349.37
2020/12/3,2.8761,2.8616,3.2851,12377.18
2020/12/4,2.8708,2.8551,3.2651,12464.23
2020/12/7,2.8614,2.834,3.2701,12519.95
2020/12/8,2.8417,2.8103,3.2551,12582.77
2020/12/9,2.8449,2.7421,3.2726,12338.95
2020/12/10,2.8047,2.7135,3.2601,12405.81
2020/12/11,2.8334,2.7221,3.2951,12377.87
2020/12/14,2.8245,2.6999,3.2851,12440.04
2020/12/15,2.7888,2.6754,3.2777,12595.06
2020/12/16,2.7312,2.6,3.2752,12658.19
2020/12/17,2.7273,2.6,3.2802,12764.75
2020/12/18,2.7267,2.5802,3.2902,12755.64
2020/12/21,2.6919,2.533,3.2652,12742.52
2020/12/22,2.6695,2.5113,3.2278,12807.92
2020/12/23,2.6551,2.4711,3.2153,12771.11
2020/12/24,2.6501,2.4806,3.2303,12804.73
2020/12/25,2.6096,2.4739,3.1878,
2020/12/28,2.5671,2.4027,3.1629,12899.42
2020/12/29,2.5486,2.3633,3.1554,12850.22
2020/12/30,2.5036,2.3502,3.1204,12870
2020/12/31,2.4739,2.2824,3.1429,12888.28
2021/1/4,2.4952,2.1518,3.178,12698.45
2021/1/5,2.4714,2.1029,3.1305,12818.96
2021/1/6,2.4109,2.0034,3.1256,12740.79
2021/1/7,2.3568,1.9879,3.1256,13067.48
2021/1/8,2.3568,1.897,3.1456,13201.98
2021/1/11,2.3653,1.8756,3.1632,13036.43
2021/1/12,2.335,1.9029,3.1457,13072.43
2021/1/13,2.2914,1.8825,3.1157,13128.95
2021/1/14,2.3405,1.8529,3.1059,13112.64
2021/1/15,2.3843,1.8529,3.1508,12998.5
2021/1/18,2.45,1.9013,3.1658,
2021/1/19,2.4859,2.0313,3.1609,13197.18
2021/1/20,2.47,2.0513,3.161,13457.25
2021/1/21,2.4475,2.0318,3.1335,13530.92
2021/1/22,2.4525,2.0316,3.1185,13543.06
2021/1/25,2.4911,2.0525,3.1323,13635.99
2021/1/26,2.5575,2.2014,3.1585,13626.06
2021/1/27,2.588,2.3514,3.1636,13270.6
2021/1/28,2.6957,2.6999,3.1961,13337.16
2021/1/29,2.6799,2.5931,3.1786,13070.69
2021/2/1,2.6043,2.4501,3.1712,13403.4
2021/2/2,2.6227,2.4001,3.1862,13612.78
2021/2/3,2.6938,2.4151,3.2112,13610.54
2021/2/4,2.7155,2.4351,3.2347,13777.74
2021/2/5,2.7021,2.4551,3.2164,13856.3
2021/2/7,2.6928,2.4601,3.2168,
2021/2/8,2.6968,2.4701,3.237,13987.64
2021/2/9,2.6772,2.2999,3.2303,14007.7
2021/2/10,2.6559,2.21,3.2449,13972.53
2021/2/11,,,,14025.77
2021/2/12,,,,14095.47
2021/2/16,,,,14047.5
2021/2/17,,,,13965.5
2021/2/18,2.6916,2.1056,3.2831,13865.36
2021/2/19,2.6512,2.0274,3.2578,13874.46
2021/2/20,2.6249,2.0174,3.2605,
2021/2/22,2.6225,2.0488,3.2736,13533.05
2021/2/23,2.607,2.0194,3.2635,13465.2
2021/2/24,2.5935,2,3.2627,13597.97
2021/2/25,2.5981,1.9703,3.2723,13119.43
2021/2/26,2.6036,1.9879,3.2798,13192.35
2021/3/1,2.6096,2.0012,3.2475,13588.83
2021/3/2,2.6169,2.0857,3.2474,13358.79
2021/3/3,2.6203,2.077,3.2553,12997.75
2021/3/4,2.6365,2.0687,3.2655,12723.47
2021/3/5,2.639,2.0591,3.2457,12920.15
2021/3/8,2.654,2.0512,3.2404,12609.16
2021/3/9,2.634,2.074,3.2478,13073.82
2021/3/10,2.6264,2.0656,3.2353,13068.83
2021/3/11,2.6288,2.0467,3.2506,13398.67
2021/3/12,2.6407,2.0551,3.2613,13319.86
2021/3/15,2.675,2.0476,3.274,13459.71
2021/3/16,2.6663,2.0502,3.2614,13471.57
2021/3/17,2.6429,2.0629,3.2564,13525.2
2021/3/18,2.6496,2.0513,3.2592,13116.17
2021/3/19,2.6395,2.0398,3.2364,13215.24
2021/3/22,2.626,2.0851,3.2309,13377.54
2021/3/23,2.6209,2.0744,3.2105,13227.7
2021/3/24,2.6059,2.051,3.193,12961.89
2021/3/25,2.5904,2.0316,3.1882,12977.68
2021/3/26,2.6073,2.0025,3.1985,13138.73
2021/3/29,2.6075,2.0097,3.1962,13059.65
2021/3/30,2.593,2.024,3.206,13045.4
2021/3/31,2.577,2.0245,3.1887,13246.87
2021/4/1,2.5806,1.9756,3.196,13480.11
2021/4/2,2.58,1.9707,3.2013,
2021/4/5,,,,13705.59
2021/4/6,2.5877,1.9393,3.2087,13698.38
2021/4/7,2.6105,1.9154,3.2215,13688.84
2021/4/8,2.6105,1.9115,3.2221,13829.31
2021/4/9,2.5915,1.9615,3.2121,13900.19
2021/4/12,2.5843,2.0115,3.1948,13850
2021/4/13,2.5643,2.0416,3.1626,13996.1
2021/4/14,2.5679,2.0583,3.1651,13857.84
2021/4/15,2.5379,2.0886,3.1728,14038.76
2021/4/16,2.5295,2.0701,3.1631,14052.34
2021/4/19,2.5195,2.0643,3.1559,13914.77
2021/4/20,2.4995,2.0655,3.1554,13786.27
2021/4/21,2.4595,2.0481,3.153,13950.22
2021/4/22,2.4495,2.0396,3.1614,13818.41
2021/4/23,2.39,2.0276,3.1719,14016.81
2021/4/25,2.3858,2.0422,3.1841,
2021/4/26,2.4313,1.9997,3.2024,14138.78
2021/4/27,2.4226,1.9729,3.2078,14090.22
2021/4/28,2.3964,1.9284,3.1979,14051.03
2021/4/29,2.3799,1.9116,3.1872,14082.55
2021/4/30,2.3591,1.9251,3.164,13962.68
2021/5/3,,,,13895.12
2021/5/4,,,,13633.5
2021/5/5,,,,13582.42
2021/5/6,2.3266,1.9428,3.1507,13632.84
2021/5/7,2.32,1.8533,3.1589,13752.24
2021/5/8,2.3193,1.8573,3.1582,
2021/5/10,2.3129,1.8361,3.146,13401.86
2021/5/11,2.3078,1.8541,3.138,13389.43
2021/5/12,2.2974,1.868,3.131,13031.68
2021/5/13,2.3286,1.9128,3.1366,13124.99
2021/5/14,2.33,1.8842,3.1422,13429.98
2021/5/17,2.3504,1.8497,3.1524,13379.05
2021/5/18,2.3532,1.8845,3.1457,13303.64
2021/5/19,2.3506,1.8834,3.1298,13299.74
2021/5/20,2.3486,1.851,3.1001,13535.74
2021/5/21,2.3272,1.8218,3.0876,13470.99
2021/5/24,2.3418,1.8454,3.085,13661.17
2021/5/25,2.3468,1.9022,3.085,13657.17
2021/5/26,2.3414,1.9042,3.06,13738
2021/5/27,2.3463,1.9148,3.0725,13736.28
2021/5/28,2.41,1.8953,3.0825,13748.74
2021/5/31,2.4113,1.8864,3.045,
2021/6/1,2.3725,1.8343,3.04,13736.48
2021/6/2,2.3804,1.8507,3.065,13756.33
2021/6/3,2.3664,1.8511,3.055,13614.51
2021/6/4,2.3934,1.8477,3.0925,13814.49
2021/6/7,2.4116,1.8663,3.11,13881.72
2021/6/8,2.4133,1.8686,3.11,13924.91
2021/6/9,2.4203,1.9276,3.1051,13911.75
2021/6/10,2.424,1.8917,3.1,14020.33
2021/6/11,2.4459,1.9119,3.1276,14069.42
2021/6/14,,,,14174.14
2021/6/15,2.4699,1.8649,3.1176,14072.86
2021/6/16,2.4945,1.867,3.1301,14039.68
2021/6/17,2.5272,1.9486,3.1401,14161.35
2021/6/18,2.5274,1.9568,3.1202,14030.38
2021/6/21,2.5202,1.9519,3.0953,14141.48
2021/6/22,2.5252,1.9658,3.0877,14253.27
2021/6/23,2.5012,1.9509,3.0853,14271.73
2021/6/24,2.469,1.9661,3.0828,14369.71
2021/6/25,2.4437,1.9151,3.0827,14360.39
2021/6/28,2.4705,1.9109,3.0903,14500.51
2021/6/29,2.4564,1.9122,3.0853,14528.33
2021/6/30,2.4293,1.8831,3.0778,14503.95
2021/7/1,2.4189,1.8732,3.0878,14522.38
2021/7/2,2.3994,1.8638,3.0803,14639.33
2021/7/5,2.4136,1.839,3.0754,
2021/7/6,2.4092,1.823,3.0854,14663.64
2021/7/7,2.401,1.8104,3.0554,14665.06
2021/7/8,2.3223,1.757,2.983,14559.79
2021/7/9,2.3474,1.8171,3.0105,14701.92
2021/7/12,2.3175,1.8149,2.9431,14733.24
2021/7/13,2.2958,1.8536,2.9256,14677.65
2021/7/14,2.2782,1.8144,2.9356,14644.95
2021/7/15,2.2927,1.8603,2.9557,14543.13
2021/7/16,2.2719,1.8429,2.9432,14427.24
2021/7/19,2.2629,1.8192,2.9483,14274.98
2021/7/20,2.2143,1.8247,2.9258,14498.88
2021/7/21,2.1833,1.8398,2.9184,14631.95
2021/7/22,2.1551,1.8364,2.9284,14684.6
2021/7/23,2.1119,1.8122,2.9134,14836.99
2021/7/26,2.1337,1.7663,2.8711,14840.71
2021/7/27,2.2109,1.7455,2.911,14660.58
2021/7/28,2.2135,1.7727,2.9312,14762.58
2021/7/29,2.1621,1.7526,2.884,14778.26
2021/7/30,2.1346,1.7614,2.8363,14672.68
2021/8/2,2.1281,1.7973,2.8212,14681.07
2021/8/3,2.1272,1.7837,2.8337,14761.29
2021/8/4,2.1448,1.8412,2.8338,14780.53
2021/8/5,2.1494,1.8327,2.7988,14895.12
2021/8/6,2.1514,1.8548,2.8139,14835.76
2021/8/9,2.2054,1.884,2.8615,14860.18
2021/8/10,2.1843,1.9041,2.8766,14788.09
2021/8/11,2.194,1.9109,2.8841,14765.13
2021/8/12,2.1935,1.9121,2.8566,14816.26
2021/8/13,2.2209,1.9073,2.8792,14822.9
2021/8/16,2.2233,1.8761,2.8943,14793.76
2021/8/17,2.2164,1.8846,2.8819,14656.18
2021/8/18,2.2252,1.9083,2.8494,14525.91
2021/8/19,2.238,1.9322,2.8395,14541.79
2021/8/20,2.2682,1.9311,2.852,14714.66
2021/8/23,2.3024,1.9558,2.8672,14942.65
2021/8/24,2.2947,1.99,2.8522,15019.8
2021/8/25,2.2995,2.0699,2.8547,15041.86
2021/8/26,2.3247,2.08,2.8848,14945.81
2021/8/27,2.3235,2.0719,2.8698,15129.5
2021/8/30,2.3125,2.0763,2.8505,15265.89
2021/8/31,2.3105,2.0703,2.845,15259.24
2021/9/1,2.2911,2.09,2.8226,15309.38
2021/9/2,2.2993,2.0827,2.8301,15331.18
2021/9/3,2.3122,2.0579,2.8327,15363.52
2021/9/6,2.3096,2.0227,2.8354,
2021/9/7,2.3146,2.0302,2.8604,15374.33
2021/9/8,2.3246,2.0864,2.8705,15286.64
2021/9/9,2.3531,2.0743,2.873,15248.25
2021/9/10,2.3666,2.0528,2.8656,15115.49
2021/9/13,2.3822,2.0633,2.8908,15105.58
2021/9/14,2.404,2.0965,2.8858,15037.76
2021/9/15,2.4028,2.0919,2.9009,15161.53
2021/9/16,2.4025,2.1019,2.8885,15181.92
2021/9/17,2.3978,2.0916,2.8785,15043.97
2021/9/18,2.3912,2.078,2.8717,
2021/9/20,,,,14713.9
2021/9/21,,,,14746.4
2021/9/22,2.3325,1.984,2.8639,14896.85
2021/9/23,2.3385,1.9926,2.8565,15052.24
2021/9/24,2.3828,2.0335,2.8719,15047.7
2021/9/26,2.3686,2.0309,2.8797,
2021/9/27,2.3997,2.0098,2.8825,14969.97
2021/9/28,2.3741,2.0167,2.8769,14546.68
2021/9/29,2.3571,1.9946,2.8646,14512.44
2021/9/30,2.3327,1.9562,2.8776,14448.58
2021/10/1,,,,14566.7
2021/10/4,,,,14255.48
2021/10/5,,,,14433.83
2021/10/6,,,,14501.91
2021/10/7,,,,14654.02
2021/10/8,2.344,1.8119,2.9131,14579.54
2021/10/9,2.3252,1.8233,2.9186,
2021/10/11,2.349,1.8405,2.958,14486.2
2021/10/12,2.3467,1.8239,2.9657,14465.92
2021/10/13,2.3401,1.829,2.9578,14571.63
2021/10/14,2.3325,1.8258,2.9581,14823.43
2021/10/15,2.3361,1.835,2.9683,14897.34
2021/10/18,2.3727,1.8563,3.0426,15021.81
2021/10/19,2.3771,1.9045,3.0102,15129.09
2021/10/20,2.3819,2.1286,2.9978,15121.68
2021/10/21,2.3574,2.1934,2.9702,15215.7
2021/10/22,2.3475,2.2305,2.9953,15090.2
2021/10/25,2.3438,2.2105,2.9879,15226.71
2021/10/26,2.3425,2.2216,2.978,15235.71
2021/10/27,2.3375,2.228,2.9781,15235.84
2021/10/28,2.3375,2.2413,2.9682,15448.12
2021/10/29,2.31,2.2516,2.9732,15498.39
2021/11/1,2.3151,2.2408,2.9435,15595.92
2021/11/2,2.3051,2.2421,2.9259,15649.6
2021/11/3,2.3001,2.3024,2.9385,15811.58
2021/11/4,2.3002,2.3024,2.9261,15940.31
2021/11/5,2.2852,2.2974,2.8911,15971.59
2021/11/8,2.2804,2.2874,2.9013,15982.36
2021/11/9,2.2905,2.2614,2.8988,15886.54
2021/11/10,2.2906,2.274,2.9139,15622.71
2021/11/11,2.2907,2.2726,2.9365,15704.28
2021/11/12,2.2759,2.2792,2.9391,15860.96
2021/11/15,2.2737,2.2672,2.9269,15853.85
2021/11/16,2.2688,2.2698,2.9244,15973.86
2021/11/17,2.2814,2.3,2.9295,15921.57
2021/11/18,2.2716,2.2859,2.9146,15993.71
2021/11/19,2.2618,2.2656,2.9302,16057.44
2021/11/22,2.2523,2.2486,2.8876,15854.76
2021/11/23,2.25,2.2802,2.8875,15775.14
2021/11/24,2.2426,2.2725,2.86,15845.23
2021/11/25,2.2477,2.275,2.855,
2021/11/26,2.2427,2.2606,2.82,15491.66
2021/11/29,2.246,2.28,2.825,15782.83
2021/11/30,2.2463,2.2822,2.825,15537.69
2021/12/1,2.2443,2.28,2.8401,15254.05
2021/12/2,2.2446,2.285,2.8601,15381.32
2021/12/3,2.255,2.285,2.8701,15085.47
2021/12/6,2.2452,2.2602,2.8176,15225.15
2021/12/7,2.251,2.29,2.8451,15686.92
2021/12/8,2.2658,2.315,2.8551,15786.99
2021/12/9,2.2767,2.3154,2.8526,15517.37
2021/12/10,2.2767,2.3201,2.8426,15630.6
2021/12/13,2.3015,2.3203,2.8552,15413.28
2021/12/14,2.298,2.3152,2.8477,15237.64
2021/12/15,2.3101,2.3201,2.8502,15565.58
2021/12/16,2.3108,2.3253,2.8577,15180.43
2021/12/17,2.3209,2.3321,2.8512,15169.68
2021/12/20,2.3572,2.3406,2.8533,14980.94
2021/12/21,2.3828,2.3714,2.8508,15341.09
2021/12/22,2.3657,2.3817,2.8303,15521.89
2021/12/23,2.3336,2.35,2.8143,15653.37
2021/12/24,2.3386,2.3278,2.8203,
2021/12/27,2.3541,2.321,2.8128,15871.26
2021/12/28,2.3444,2.3213,2.8004,15781.72
2021/12/29,2.3353,2.2801,2.7854,15766.22
2021/12/30,2.2936,2.2101,2.7654,15741.56
2021/12/31,2.2429,2.0006,2.7754,15644.97
2022/1/3,,,,15832.8
2022/1/4,2.2529,2.0722,2.7855,15622.72
2022/1/5,2.2284,2.0704,2.8045,15100.17
2022/1/6,2.2303,2.0413,2.8205,15080.87
2022/1/7,2.2295,2.0476,2.8181,14935.9
2022/1/10,2.2143,2.0517,2.8056,14942.83
2022/1/11,2.1957,2.0046,2.7957,15153.45
2022/1/12,2.1898,2.004,2.7957,15188.39
2022/1/13,2.1812,2.0254,2.7858,14806.81
2022/1/14,2.1721,2.0258,2.7935,14893.75
2022/1/17,2.1566,2.0201,2.786,
2022/1/18,2.0501,1.98,2.7415,14506.9
2022/1/19,2.0401,1.9319,2.7314,14340.25
2022/1/20,2.0204,1.9216,2.7271,14154.02
2022/1/21,2.0018,1.875,2.71,13768.92
2022/1/24,1.9502,1.8002,2.6751,13855.13
2022/1/25,1.9656,1.8017,2.6979,13539.29
2022/1/26,1.9807,1.7724,2.7146,13542.12
2022/1/27,1.9936,1.7967,2.7348,13352.78
2022/1/28,1.9507,1.7876,2.7021,13770.57
2022/1/29,1.9512,1.7876,2.7013,
2022/1/30,1.9514,1.7756,2.6997,
2022/1/31,,,,14239.88
2022/2/1,,,,14346
2022/2/2,,,,14417.55
2022/2/3,,,,13878.82
2022/2/4,,,,14098.01
2022/2/7,1.9472,1.6644,2.7256,14015.67
2022/2/8,1.9049,1.6529,2.7227,14194.46
2022/2/9,1.9001,1.6608,2.7328,14490.37
2022/2/10,1.8837,1.6198,2.7328,14185.64
2022/2/11,1.9192,1.5933,2.7891,13791.15
2022/2/14,1.9017,1.582,2.8018,13790.92
2022/2/15,1.8847,1.6052,2.7968,14139.76
2022/2/16,1.9279,1.7065,2.7892,14124.09
2022/2/17,1.9095,1.7528,2.7799,13716.72
2022/2/18,1.9781,1.8269,2.7975,13548.07
2022/2/21,2.0326,1.8256,2.83,
2022/2/22,2.1162,1.8689,2.82,13381.52
2022/2/23,2.0935,1.9322,2.79,13037.49
2022/2/24,2.0948,1.9574,2.7875,13473.58
2022/2/25,2.0242,1.9334,2.775,13694.62
2022/2/28,2.0442,1.9,2.775,13751.4
2022/3/1,2.0537,1.8962,2.8025,13532.46
2022/3/2,2.0867,1.9139,2.8175,13752.02
2022/3/3,2.1167,1.9103,2.83,13537.94
2022/3/4,2.1074,1.8864,2.8125,13313.44
2022/3/7,2.0849,1.8013,2.8126,12830.96
2022/3/8,2.0687,1.7446,2.8276,12795.55
2022/3/9,2.115,1.8902,2.8426,13255.55
2022/3/10,2.115,1.9004,2.8502,13129.96
2022/3/11,2.0863,1.9006,2.7902,12843.81
2022/3/14,2.0725,1.8053,2.7677,12581.22
2022/3/15,2.1275,1.9276,2.8177,12948.62
2022/3/16,2.1431,2.02,2.7952,13436.55
2022/3/17,2.1368,2.03,2.7876,13614.78
2022/3/18,2.1106,1.99,2.7927,13893.84
2022/3/21,2.15,2.0019,2.8127,13838.46
2022/3/22,2.1649,2.0101,2.8302,14108.82
2022/3/23,2.168,2.0506,2.8302,13922.6
2022/3/24,2.1704,2.0639,2.8052,14191.84
2022/3/25,2.1632,2.0406,2.7972,14169.3
2022/3/28,2.1595,2.0157,2.7903,14354.9
2022/3/29,2.1582,2.0109,2.7853,14619.64
2022/3/30,2.1545,1.9502,2.7703,14442.27
2022/3/31,2.1299,1.9112,2.7878,14220.52
2022/4/1,2.1052,1.8842,2.7743,14261.5
2022/4/2,2.1006,1.8882,2.7714,
2022/4/4,,,,14532.55
2022/4/5,,,,14204.17
2022/4/6,2.0832,1.8538,2.7604,13888.82
2022/4/7,2.06,1.8333,2.7394,13897.3
2022/4/8,2.0669,1.8073,2.7529,13711
2022/4/11,2.0757,1.8148,2.768,13411.96
2022/4/12,2.0729,1.9043,2.7705,13371.57
2022/4/13,2.0521,1.9257,2.7631,13643.59
2022/4/14,2.0264,1.9061,2.7656,13351.08
2022/4/15,1.9918,1.8704,2.7578,
2022/4/18,2.0143,1.8631,2.8107,13332.36
2022/4/19,2.0184,1.8281,2.8208,13619.66
2022/4/20,2.0136,1.8585,2.833,13453.07
2022/4/21,1.9825,1.861,2.8259,13174.65
2022/4/22,1.9542,1.8815,2.8409,12839.29
2022/4/24,1.9523,1.8744,2.8335,
2022/4/25,1.9282,1.8801,2.816,13004.85
2022/4/26,1.9633,1.871,2.826,12490.74
2022/4/27,2.041,1.8544,2.8411,12488.93
2022/4/28,2.0563,1.8995,2.8486,12871.53
2022/4/29,2.032,1.8476,2.8386,12334.64
2022/5/2,,,,12536.02
2022/5/3,,,,12563.76
2022/5/4,,,,12964.86
2022/5/5,2.0367,1.8427,2.8282,12317.69
2022/5/6,2.0454,1.832,2.8273,12144.66
2022/5/7,2.0423,1.8314,2.8263,
2022/5/9,2.0373,1.8131,2.8154,11623.25
2022/5/10,2.0306,1.8031,2.8089,11737.67
2022/5/11,2.051,1.8003,2.824,11364.24
2022/5/12,2.0261,1.7808,2.8055,11370.96
2022/5/13,2.0125,1.7204,2.814,11805
2022/5/16,1.997,1.7059,2.8216,11662.79
2022/5/17,1.9474,1.6799,2.8178,11984.52
2022/5/18,1.9275,1.6601,2.7801,11418.15
2022/5/19,1.9421,1.6638,2.7774,11388.5
2022/5/20,1.9565,1.6506,2.79,11354.62
2022/5/23,1.9568,1.6512,2.7675,11535.28
2022/5/24,1.9677,1.5817,2.765,11264.45
2022/5/25,1.9773,1.6017,2.7575,11434.74
2022/5/26,1.9246,1.5815,2.71,11740.65
2022/5/27,1.9133,1.5778,2.6974,12131.13
2022/5/30,1.9141,1.5998,2.7225,
2022/5/31,1.916,1.5996,2.7426,12081.39
2022/6/1,1.9415,1.5206,2.7551,11994.46
2022/6/2,1.9564,1.5325,2.7601,12316.9
2022/6/3,,,,12012.73
2022/6/6,2.0199,1.5418,2.7776,12061.37
2022/6/7,2.018,1.5566,2.7576,12175.23
2022/6/8,2.0282,1.5656,2.7661,12086.27
2022/6/9,2.0151,1.5572,2.7576,11754.23
2022/6/10,2.0051,1.5315,2.7526,11340.02
2022/6/13,2.0026,1.5613,2.7652,10809.23
2022/6/14,2.0176,1.5602,2.7702,10828.35
2022/6/15,2.036,1.5862,2.7827,11099.16
2022/6/16,2.0352,1.5613,2.7728,10646.1
2022/6/17,2.0102,1.6118,2.7752,10798.35
2022/6/20,2.0056,1.6267,2.7853,
2022/6/21,2.0018,1.6245,2.7853,11069.3
2022/6/22,1.9869,1.6029,2.7773,11053.08
2022/6/23,1.9608,1.5821,2.7803,11232.19
2022/6/24,1.9653,1.5829,2.7978,11607.62
2022/6/27,1.9971,1.5824,2.8329,11524.55
2022/6/28,1.9976,1.6356,2.8414,11181.54
2022/6/29,1.9763,1.6817,2.8294,11177.89
2022/6/30,1.9504,1.6006,2.8205,11028.74
2022/7/1,1.9324,1.5328,2.8255,11127.85
2022/7/4,1.9831,1.5484,2.8445,
2022/7/5,2.01,1.5578,2.8333,11322.24
2022/7/6,1.9911,1.6169,2.8356,11361.85
2022/7/7,1.9824,1.6599,2.8356,11621.35
2022/7/8,1.9584,1.6309,2.8384,11635.31
2022/7/11,1.9417,1.6305,2.8266,11372.6
2022/7/12,1.9345,1.6004,2.8117,11264.73
2022/7/13,1.9376,1.6231,2.8067,11247.58
2022/7/14,1.9147,1.6256,2.7907,11251.19
2022/7/15,1.8837,1.6037,2.7857,11452.42
2022/7/18,1.8488,1.5861,2.7837,11360.05
2022/7/19,1.8491,1.5895,2.7859,11713.15
2022/7/20,1.8712,1.5964,2.771,11897.65
2022/7/21,1.8717,1.5857,2.7635,12059.61
2022/7/22,1.9036,1.5767,2.787,11834.11
2022/7/25,1.9007,1.5487,2.779,11782.67
2022/7/26,1.881,1.5411,2.77,11562.57
2022/7/27,1.8772,1.5399,2.7701,12032.42
2022/7/28,1.8905,1.5506,2.785,12162.59
2022/7/29,1.8623,1.4988,2.756,12390.69
2022/8/1,1.8269,1.4558,2.7292,12368.98
2022/8/2,1.7705,1.4172,2.7314,12348.76
2022/8/3,1.7528,1.4395,2.7218,12668.16
2022/8/4,1.6907,1.4095,2.7192,12720.58
2022/8/5,1.7116,1.4169,2.7339,12657.55
2022/8/8,1.7316,1.439,2.7409,12644.46
2022/8/9,1.7886,1.4689,2.74,12493.93
2022/8/10,1.8136,1.4699,2.7366,12854.8
2022/8/11,1.8161,1.4871,2.7317,12779.91
2022/8/12,1.8115,1.4508,2.7347,13047.19
2022/8/15,1.7167,1.418,2.6582,13128.05
2022/8/16,1.7199,1.4111,2.6346,13102.55
2022/8/17,1.719,1.4309,2.6124,12938.12
2022/8/18,1.7004,1.4557,2.58,12965.34
2022/8/19,1.7248,1.4308,2.5875,12705.21
2022/8/22,1.757,1.4308,2.5925,12381.57
2022/8/23,1.7571,1.4604,2.6075,12381.3
2022/8/24,1.7496,1.4603,2.61,12431.53
2022/8/25,1.7912,1.4606,2.639,12639.27
2022/8/26,1.7922,1.4611,2.643,12141.71
2022/8/29,1.7561,1.4631,2.6225,12017.67
2022/8/30,1.7406,1.4635,2.613,11883.14
2022/8/31,1.7378,1.4704,2.6225,11816.2
2022/9/1,1.7243,1.4708,2.6125,11785.13
2022/9/2,1.7193,1.4416,2.6226,11630.86
2022/9/5,1.7132,1.4436,2.618,
2022/9/6,1.7127,1.4442,2.614,11544.91
2022/9/7,1.7365,1.4628,2.6215,11791.9
2022/9/8,1.749,1.4733,2.6256,11862.13
2022/9/9,1.7597,1.4613,2.635,12112.31
2022/9/12,,,,12266.41
2022/9/13,1.7697,1.4642,2.6427,11633.57
2022/9/14,1.8015,1.4747,2.6625,11719.68
2022/9/15,1.8058,1.4961,2.6625,11552.36
2022/9/16,1.8298,1.4907,2.673,11448.4
2022/9/19,1.8506,1.4726,2.675,11535.02
2022/9/20,1.8483,1.4736,2.664,11425.05
2022/9/21,1.8282,1.5091,2.6451,11220.19
2022/9/22,1.8232,1.4729,2.6501,11066.8
2022/9/23,1.828,1.482,2.6802,10867.93
2022/9/26,1.8608,1.513,2.7154,10802.92
2022/9/27,1.8711,1.5509,2.7051,10829.5
2022/9/28,1.9024,1.5957,2.7401,11051.64
2022/9/29,1.893,1.608,2.7501,10737.51
2022/9/30,1.8535,1.6026,2.7601,10575.62
2022/10/3,,,,10815.43
2022/10/4,,,,11176.41
2022/10/5,,,,11148.64
2022/10/6,,,,11073.31
2022/10/7,,,,10652.4
2022/10/8,1.8323,1.5463,2.7626,
2022/10/9,1.829,1.4963,2.7452,
2022/10/10,1.7908,1.4919,2.7402,10542.1
2022/10/11,1.7867,1.4679,2.7426,10426.19
2022/10/12,1.8067,1.472,2.7352,10417.1
2022/10/13,1.8051,1.5243,2.7252,10649.15
2022/10/14,1.7851,1.5142,2.6977,10321.39
2022/10/17,1.7856,1.5133,2.7002,10675.8
2022/10/18,1.7856,1.5462,2.7002,10772.4
2022/10/19,1.7806,1.6172,2.7052,10680.51
2022/10/20,1.7656,1.6265,2.7175,10614.84
2022/10/21,1.7706,1.6439,2.7278,10859.72
2022/10/24,1.77,1.6723,2.7153,10952.61
2022/10/25,1.7945,1.7101,2.7278,11199.12
2022/10/26,1.8005,1.7184,2.7025,10970.99
2022/10/27,1.7551,1.6998,2.6953,10792.67
2022/10/28,1.7403,1.6539,2.6653,11102.45
2022/10/31,1.7305,1.6249,2.6433,10988.15
2022/11/1,1.7523,1.628,2.6629,10890.85
2022/11/2,1.7633,1.6685,2.6854,10524.8
2022/11/3,1.753,1.6761,2.6776,10342.94
2022/11/4,1.7628,1.68,2.7023,10475.25
2022/11/7,1.7516,1.68,2.7003,10564.52
2022/11/8,1.7774,1.6965,2.6853,10616.2
2022/11/9,1.8156,1.7509,2.6953,10353.17
2022/11/10,1.8584,1.7713,2.7028,11114.15
2022/11/11,1.9614,1.8104,2.7354,11323.33
2022/11/14,2.0663,2.0067,2.8354,11196.22
2022/11/15,2.1342,2.0506,2.8155,11358.41
2022/11/16,2.2014,2.1722,2.8329,11183.66
2022/11/17,2.1715,2.1699,2.8026,11144.96
2022/11/18,2.1718,2.1,2.825,11146.06
2022/11/21,2.1504,2.0995,2.818,11024.51
2022/11/22,2.1431,2.0999,2.8276,11174.41
2022/11/23,2.1024,2.0701,2.7975,11285.32
2022/11/24,2.0581,1.9504,2.795,
2022/11/25,2.0685,2.0002,2.83,11226.36
2022/11/28,2.0699,2.0002,2.86,11049.5
2022/11/29,2.1139,2.0221,2.88,10983.78
2022/11/30,2.1341,2.0811,2.885,11468
2022/12/1,2.1456,2.081,2.86,11482.45
2022/12/2,2.1554,2.0627,2.8676,11461.5
2022/12/5,2.1462,2.0539,2.8902,11239.94
2022/12/6,2.1566,2.0551,2.9152,11014.89
2022/12/7,2.2495,2.0917,2.8702,10958.55
2022/12/8,2.2457,2.0716,2.8853,11082
2022/12/9,2.2869,2.0505,2.8903,11004.62
2022/12/12,2.3019,2.0605,2.8902,11143.74
2022/12/13,2.3369,2.1005,2.8952,11256.81
2022/12/14,2.3019,2.0901,2.8655,11170.89
2022/12/15,2.3169,2.1,2.8829,10810.53
2022/12/16,2.3169,2.1057,2.8856,10705.41
2022/12/19,2.2969,2.15,2.8632,10546.03
2022/12/20,2.2969,2.1602,2.8732,10547.11
2022/12/21,2.2919,2.22,2.8606,10709.37
2022/12/22,2.2669,2.2123,2.8503,10476.12
2022/12/23,2.2269,2.1203,2.8251,10497.86
2022/12/26,2.2469,2.1216,2.8378,
2022/12/27,2.2469,2.1412,2.8657,10353.23
2022/12/28,2.2369,2.1501,2.8503,10213.29
2022/12/29,2.1669,2.1128,2.8376,10478.09
2022/12/30,2.0969,2.0519,2.8353,10466.48
2022/12/31,2.0969,2.0519,2.8353,
2023/1/3,2.112,1.9162,2.8228,10386.99
2023/1/4,2.067,1.8252,2.8103,10458.76
2023/1/5,2.082,1.8053,2.8304,10305.24
2023/1/6,2.097,1.8022,2.8328,10569.29
2023/1/9,2.0996,1.839,2.8428,10635.65
2023/1/10,2.122,1.8727,2.8602,10742.63
2023/1/11,2.127,1.8417,2.8603,10931.67
2023/1/12,2.097,1.8145,2.8778,11001.11
2023/1/13,2.097,1.8088,2.901,11079.16
2023/1/16,2.127,1.8477,2.9167,
2023/1/17,2.127,1.8514,2.9017,11095.11
2023/1/18,2.1615,1.9514,2.9222,10957.01
2023/1/19,2.1677,1.969,2.9145,10852.27
2023/1/20,2.1648,1.9173,2.9331,11140.43
2023/1/23,,,,11364.41
2023/1/24,,,,11334.27
2023/1/25,,,,11313.36
2023/1/26,,,,11512.41
2023/1/27,,,,11621.71
2023/1/28,2.1496,1.8701,2.9341,
2023/1/29,2.1519,1.8545,2.9219,
2023/1/30,2.176,1.8258,2.9133,11393.81
2023/1/31,2.1535,1.7856,2.8977,11584.55
2023/2/1,2.1631,1.8148,2.9101,11816.32
2023/2/2,2.1507,1.8219,2.897,12200.82
2023/2/3,2.1504,1.8507,2.8943,12006.96
2023/2/6,2.1581,1.8741,2.9017,11887.45
2023/2/7,2.163,1.9052,2.8964,12113.79
2023/2/8,2.1617,2.0045,2.8973,11910.52
2023/2/9,2.1673,2.006,2.8912,11789.58
2023/2/10,2.1682,1.985,2.9003,11718.12
2023/2/13,2.1734,1.985,2.8943,11891.79
2023/2/14,2.1781,1.9816,2.8914,11960.15
2023/2/15,2.1792,2.0306,2.8918,12070.59
2023/2/16,2.1916,2.031,2.8907,11855.83
2023/2/17,2.1973,2.0429,2.892,11787.27
2023/2/20,2.2395,2.0719,2.917,
2023/2/21,2.2422,2.1013,2.919,11492.3
2023/2/22,2.24,2.1008,2.9175,11507.07
2023/2/23,2.2603,2.1041,2.922,11590.4
2023/2/24,2.2948,2.058,2.9126,11394.94
2023/2/27,2.3165,2.0567,2.9117,11466.98
2023/2/28,2.3291,2.0605,2.9017,11455.54
2023/3/1,2.3197,2.0618,2.8977,11379.48
2023/3/2,2.3247,2.0502,2.9111,11462.98
2023/3/3,2.323,2.0708,2.9026,11689.01
2023/3/6,2.2955,2.0522,2.8826,11675.74
2023/3/7,2.288,2.0423,2.8726,11530.33
2023/3/8,2.273,2.0403,2.8828,11576
2023/3/9,2.273,2.0563,2.8752,11338.36
2023/3/10,2.263,2.061,2.8627,11138.89
2023/3/13,2.263,2.0622,2.8703,11188.84
2023/3/14,2.269,2.0725,2.8652,11428.15
2023/3/15,2.279,2.1352,2.8652,11434.05
2023/3/16,2.249,2.1201,2.8552,11717.28
2023/3/17,2.249,2.1005,2.8602,11630.51
2023/3/20,2.234,2.0524,2.8504,11675.54
2023/3/21,2.249,2.1017,2.8604,11860.11
2023/3/22,2.2728,2.1002,2.8577,11669.96
2023/3/23,2.2678,2.0804,2.8652,11787.4
2023/3/24,2.2928,2.0707,2.8676,11823.96
2023/3/27,2.2728,2.0625,2.8551,11768.84
2023/3/28,2.2778,2.0818,2.8556,11716.08
2023/3/29,2.2753,2.0702,2.8532,11926.24
2023/3/30,2.2728,2.0408,2.8603,12013.47
2023/3/31,2.2328,1.9006,2.8528,12221.91
2023/4/3,2.2328,1.8824,2.8604,12189.45
2023/4/4,2.2303,1.8739,2.8584,12126.33
2023/4/5,,,,11996.86
2023/4/6,2.2278,1.8701,2.8605,12087.96
2023/4/7,2.2278,1.8548,2.8464,
2023/4/10,2.2228,1.8728,2.8455,12084.36
2023/4/11,2.2128,1.8783,2.8203,12031.88
2023/4/12,2.2091,1.9283,2.8158,11929.34
2023/4/13,2.2066,1.9583,2.8277,12166.27
2023/4/14,2.2091,2,2.8281,12123.47
2023/4/17,2.2141,1.9987,2.8432,12157.72
2023/4/18,2.2016,1.9919,2.8319,12153.41
2023/4/19,2.1891,2.001,2.8333,12157.23
2023/4/20,2.1905,2.0114,2.8332,12059.56
2023/4/21,2.1894,2.0217,2.8258,12072.46
2023/4/23,2.1906,2.0247,2.822,
2023/4/24,2.1855,2.0047,2.8176,12037.2
2023/4/25,2.1754,2.0027,2.8157,11799.16
2023/4/26,2.1727,2.0132,2.8058,11854.35
2023/4/27,2.156,1.9833,2.7852,12142.24
2023/4/28,2.1464,1.9541,2.7788,12226.58
2023/5/1,,,,12212.6
2023/5/2,,,,12080.51
2023/5/3,,,,12025.33
2023/5/4,2.1362,1.9801,2.7613,11966.4
2023/5/5,2.1266,1.9512,2.7338,12235.41
2023/5/6,2.1215,1.9795,2.7311,
2023/5/8,2.1323,1.9734,2.7484,12256.92
2023/5/9,2.1203,1.9544,2.7383,12179.55
2023/5/10,2.0883,1.9447,2.721,12306.44
2023/5/11,2.0353,1.9049,2.701,12328.51
2023/5/12,2.0441,1.8911,2.7058,12284.74
2023/5/15,2.0602,1.8918,2.719,12365.21
2023/5/16,2.0653,1.8967,2.7129,12343.05
2023/5/17,2.078,1.9312,2.721,12500.57
2023/5/18,2.0729,1.9324,2.7184,12688.84
2023/5/19,2.0554,1.9003,2.7151,12657.9
2023/5/22,2.0218,1.8425,2.7132,12720.78
2023/5/23,1.9909,1.745,2.6962,12560.25
2023/5/24,1.9893,1.7304,2.7037,12484.16
2023/5/25,1.979,1.7204,2.7065,12698.09
2023/5/26,2.0188,1.7205,2.7205,12975.69
2023/5/29,1.9979,1.7175,2.695,
2023/5/30,1.9835,1.7034,2.7,13017.43
2023/5/31,1.9829,1.7101,2.685,12935.29
2023/6/1,1.9721,1.7113,2.6825,13100.98
2023/6/2,1.9731,1.7056,2.6951,13240.77
2023/6/5,1.939,1.7028,2.6926,13229.43
2023/6/6,1.9177,1.6736,2.6826,13276.42
2023/6/7,1.8955,1.6555,2.6827,13104.9
2023/6/8,1.8887,1.6561,2.6822,13238.52
2023/6/9,1.8636,1.6513,2.6703,13259.14
2023/6/12,1.8663,1.6652,2.6704,13461.92
2023/6/13,1.8514,1.6648,2.6227,13573.32
2023/6/14,1.8365,1.6502,2.6178,13626.48
2023/6/15,1.8616,1.6834,2.6482,13782.82
2023/6/16,1.8817,1.6949,2.6626,13689.57
2023/6/19,1.9018,1.7019,2.6876,
2023/6/20,1.9118,1.6933,2.6751,13667.29
2023/6/21,1.9161,1.7005,2.6701,13502.2
2023/6/22,,,,13630.61
2023/6/23,,,,13492.52
2023/6/25,1.912,1.6918,2.6576,
2023/6/26,1.912,1.691,2.6677,13335.78
2023/6/27,1.952,1.678,2.6676,13555.67
2023/6/28,1.942,1.6841,2.6651,13591.75
2023/6/29,1.932,1.661,2.6526,13591.33
2023/6/30,1.8723,1.6535,2.6351,13787.92
2023/7/3,1.8425,1.626,2.6402,13816.77
2023/7/4,1.8326,1.6258,2.6477,
2023/7/5,1.8227,1.6355,2.6402,13791.65
2023/7/6,1.8227,1.6754,2.6392,13679.04
2023/7/7,1.8279,1.6542,2.6403,13660.72
2023/7/10,1.8279,1.654,2.6403,13685.48
2023/7/11,1.8231,1.6459,2.6353,13760.7
2023/7/12,1.8183,1.6531,2.6378,13918.96
2023/7/13,1.8384,1.6455,2.6413,14138.57
2023/7/14,1.8385,1.6619,2.6444,14113.7
2023/7/17,1.7635,1.6557,2.6364,14244.95
2023/7/18,1.7635,1.6275,2.6234,14353.64
2023/7/19,1.7535,1.628,2.6233,14358.02
2023/7/20,1.7485,1.6126,2.6214,14063.31
2023/7/21,1.7385,1.6034,2.6079,14032.81
2023/7/24,1.7335,1.6161,2.5934,14058.87
2023/7/25,1.7782,1.6735,2.663,14144.56
2023/7/26,1.7882,1.6506,2.643,14127.28
2023/7/27,1.8182,1.6007,2.6395,14050.11
2023/7/28,1.8181,1.6051,2.6533,14316.66
2023/7/31,1.8102,1.601,2.6597,14346.02
2023/8/1,1.7751,1.5841,2.6607,14283.91
2023/8/2,1.7663,1.5607,2.6525,13973.45
2023/8/3,1.7421,1.5514,2.6435,13959.72
2023/8/4,1.7511,1.5472,2.6469,13909.24
2023/8/7,1.7599,1.537,2.6462,13994.4
2023/8/8,1.7796,1.5644,2.6454,13884.32
2023/8/9,1.8093,1.5451,2.6461,13722.02
2023/8/10,1.8265,1.5444,2.6475,13737.99
2023/8/11,1.8305,1.5319,2.6381,13644.85
2023/8/14,1.8156,1.5257,2.6212,13788.33
2023/8/15,1.8245,1.5027,2.5759,13631.05
2023/8/16,1.8375,1.565,2.5649,13474.63
2023/8/17,1.8397,1.619,2.5678,13316.93
2023/8/18,1.8323,1.6119,2.5639,13290.78
2023/8/21,1.8705,1.6061,2.5403,13497.59
2023/8/22,1.899,1.6066,2.5564,13505.87
2023/8/23,1.8964,1.5907,2.5535,13721.03
2023/8/24,1.8772,1.5715,2.5543,13463.97
2023/8/25,1.8951,1.5725,2.5702,13590.65
2023/8/28,1.9245,1.6416,2.5837,13705.13
2023/8/29,1.9902,1.7053,2.57,13943.76
2023/8/30,1.9392,1.7102,2.56,14019.31
2023/8/31,1.9051,1.7009,2.5575,14034.97
2023/9/1,1.9578,1.6514,2.585,14031.82
2023/9/4,1.9822,1.6526,2.6124,
2023/9/5,1.9929,1.6186,2.615,14020.95
2023/9/6,2.0801,1.6009,2.6375,13872.47
2023/9/7,2.0874,1.6508,2.635,13748.83
2023/9/8,2.0952,1.6601,2.6375,13761.53
2023/9/11,2.1352,1.7451,2.63,13917.89
2023/9/12,2.1252,1.7651,2.623,13773.62
2023/9/13,2.1027,1.8029,2.615,13813.59
2023/9/14,2.1027,1.8015,2.6075,13926.05
2023/9/15,2.1327,1.8023,2.64,13708.34
2023/9/18,2.1727,1.806,2.65,13710.24
2023/9/19,2.1877,1.8171,2.6625,13678.19
2023/9/20,2.2077,1.8507,2.665,13469.13
2023/9/21,2.1877,1.8613,2.6576,13223.99
2023/9/22,2.1977,1.8529,2.6776,13211.81
2023/9/25,2.2127,1.9096,2.6976,13271.32
2023/9/26,2.2327,2.0584,2.6951,13063.61
2023/9/27,2.2077,2.1032,2.6877,13092.85
2023/9/28,2.1677,2.0009,2.6751,13201.28
2023/9/29,,,,13219.32
2023/10/2,,,,13307.77
2023/10/3,,,,13059.47
2023/10/4,,,,13236.01
2023/10/5,,,,13219.83
2023/10/6,,,,13431.34
2023/10/7,2.1477,1.8109,2.6651,
2023/10/8,2.1377,1.7658,2.6626,
2023/10/9,2.1577,1.782,2.6702,13484.24
2023/10/10,2.1977,1.8133,2.6811,13562.84
2023/10/11,2.2377,1.8633,2.6976,13659.68
2023/10/12,2.1977,1.8657,2.6911,13574.22
2023/10/13,2.1777,1.8957,2.6702,13407.23
2023/10/16,2.1877,1.9357,2.6777,13567.98
2023/10/17,2.2227,1.9852,2.6882,13533.75
2023/10/18,2.2457,2.0402,2.7052,13314.3
2023/10/19,2.2907,2.1302,2.7177,13186.18
2023/10/20,2.3107,2.1802,2.7052,12983.81
2023/10/23,2.3007,2.1802,2.7047,13018.33
2023/10/24,2.3257,2.2052,2.7177,13139.88
2023/10/25,2.2838,2.3048,2.7052,12821.22
2023/10/26,2.2838,2.3045,2.7152,12595.61
2023/10/27,2.2807,2.3027,2.7133,12643.01
2023/10/30,2.2251,2.2905,2.7141,12789.48
2023/10/31,2.2051,2.2929,2.6938,12851.24
2023/11/1,2.2501,2.3114,2.6853,13061.47
2023/11/2,2.2151,2.2867,2.6553,13294.19
2023/11/3,2.2202,2.2785,2.6613,13478.28
2023/11/6,2.2303,2.2798,2.6554,13518.78
2023/11/7,2.2505,2.2904,2.6632,13639.86
2023/11/8,2.2479,2.3189,2.6464,13650.41
2023/11/9,2.2406,2.316,2.6494,13521.45
2023/11/10,2.2306,2.3276,2.6444,13798.11
2023/11/13,2.2059,2.3116,2.6454,13767.74
2023/11/14,2.1713,2.3167,2.6573,14094.38
2023/11/15,2.1613,2.3194,2.6633,14103.84
2023/11/16,2.1415,2.3141,2.6558,14113.67
2023/11/17,2.1221,2.3118,2.6524,14125.48
2023/11/20,2.1477,2.3075,2.6584,14284.53
2023/11/21,2.2024,2.319,2.6684,14199.98
2023/11/22,2.3112,2.3756,2.6823,14265.86
2023/11/23,2.3264,2.3605,2.7023,
2023/11/24,2.3317,2.3607,2.7053,14250.86
2023/11/27,2.3889,2.3715,2.7108,14241.02
2023/11/28,2.3564,2.3767,2.6898,14281.76
2023/11/29,2.3566,2.455,2.6826,14258.49
2023/11/30,2.3367,2.3874,2.668,14226.22
2023/12/1,2.3439,2.3941,2.6625,14305.03
2023/12/4,2.3769,2.4115,2.6725,14185.49
2023/12/5,2.3817,2.4111,2.665,14229.91
2023/12/6,2.3971,2.4762,2.6725,14146.71
2023/12/7,2.3816,2.4413,2.664,14339.99
2023/12/8,2.3791,2.419,2.6636,14403.97
2023/12/11,2.3816,2.4196,2.644,14432.49
2023/12/12,2.3826,2.4238,2.6375,14533.4
2023/12/13,2.3526,2.405,2.6226,14733.96
2023/12/14,2.3351,2.3601,2.6376,14761.56
2023/12/15,2.3076,2.3041,2.6227,14813.92
2023/12/18,2.2951,2.2998,2.6126,14904.81
2023/12/19,2.3001,2.2653,2.6191,15003.22
2023/12/20,2.3051,2.2418,2.6222,14777.94
2023/12/21,2.2801,2.22,2.5901,14963.87
2023/12/22,2.2526,2.2206,2.5877,14992.97
2023/12/25,2.2246,2.1506,2.5678,
2023/12/26,2.2046,2.1181,2.5804,15074.57
2023/12/27,2.1546,1.9545,2.5577,15099.18
2023/12/28,2.1196,1.9007,2.5694,15095.14
2023/12/29,2.0796,1.8017,2.5553,15011.35
2023/12/31,2.0796,1.8017,2.5553,
2024/1/2,2.1166,1.8057,2.5601,14765.94
2024/1/3,2.1416,1.8091,2.5531,14592.21
2024/1/4,2.1541,1.8406,2.5368,14510.3
2024/1/5,2.1091,1.8025,2.5175,14524.07
2024/1/8,2.1191,1.8125,2.5136,14843.77
2024/1/9,2.0991,1.8208,2.4862,14857.71
2024/1/10,2.1091,1.8196,2.4982,14969.65
2024/1/11,2.0941,1.8296,2.4992,14970.19
2024/1/12,2.0941,1.8308,2.5172,14972.76
2024/1/15,2.0991,1.8508,2.5212,
2024/1/16,2.1091,1.8708,2.5252,14944.35
2024/1/17,2.1041,2.0057,2.5077,14855.62
2024/1/18,2.0991,2.0073,2.5092,15055.65
2024/1/19,2.0841,1.9792,2.5027,15310.97
2024/1/22,2.0813,1.9866,2.4922,15360.29
2024/1/23,2.0841,1.9787,2.5042,15425.94
2024/1/24,2.0691,1.9787,2.5042,15481.92
2024/1/25,2.0342,1.955,2.4984,15510.5
2024/1/26,2.0229,1.9042,2.4994,15455.36
2024/1/29,1.9401,1.862,2.494,15628.04
2024/1/30,1.8751,1.8096,2.4557,15509.9
2024/1/31,1.8802,1.791,2.433,15164.01
2024/2/1,1.8802,1.7753,2.4354,15361.64
2024/2/2,1.8903,1.7718,2.4244,15628.95
2024/2/4,1.8803,1.7718,2.4053,
2024/2/5,1.8829,1.7505,2.4002,15597.68
2024/2/6,1.9269,1.7558,2.4525,15609
2024/2/7,1.9287,1.744,2.4153,15756.64
2024/2/8,1.9265,1.7277,2.4379,15793.72
2024/2/9,1.9265,1.7127,2.4302,15990.66
2024/2/12,,,,15942.55
2024/2/13,,,,15655.6
2024/2/14,,,,15859.15
2024/2/15,,,,15906.17
2024/2/16,,,,15775.65
2024/2/18,1.9292,1.687,2.4393,
2024/2/19,1.9157,1.6713,2.4344,
2024/2/20,1.8649,1.6632,2.4134,15630.78
2024/2/21,1.8149,1.6017,2.4119,15580.87
2024/2/22,1.7731,1.6052,2.4033,16041.62
2024/2/23,1.7699,1.5512,2.4009,15996.82
2024/2/26,1.767,1.5512,2.3789,15976.25
2024/2/27,1.7739,1.5855,2.3809,16035.3
2024/2/28,1.7863,1.6625,2.3376,15947.74
2024/2/29,1.7871,1.6454,2.3375,16091.92
2024/3/1,1.7833,1.628,2.3675,16274.94
2024/3/4,1.7612,1.6055,2.3475,16207.51
2024/3/5,1.7732,1.5955,2.3169,15939.59
2024/3/6,1.7574,1.6006,2.265,16031.54
2024/3/7,1.7578,1.5809,2.2776,16273.38
2024/3/8,1.7525,1.5819,2.2825,16085.11
2024/3/11,1.7575,1.6056,2.305,16019.27
2024/3/12,1.7975,1.5931,2.3476,16265.64
2024/3/13,1.8175,1.6237,2.3326,16177.77
2024/3/14,1.8475,1.6437,2.3425,16128.53
2024/3/15,1.8325,1.6537,2.32,15973.17
2024/3/18,1.7825,1.6724,2.2926,16103.448
2024/3/19,1.7725,1.6739,2.2801,16166.79
2024/3/20,1.7725,1.6658,2.2951,16369.41
2024/3/21,1.7625,1.6412,2.2851,16401.84
2024/3/22,1.7625,1.6403,2.3051,16428.82
2024/3/25,1.7875,1.65,2.3151,16384.47
2024/3/26,1.79,1.6365,2.3175,16315.7
2024/3/27,1.7525,1.6408,2.2876,16399.52
2024/3/28,1.7525,1.6411,2.3026,16379.46
2024/3/29,1.7225,1.6414,2.2901,
2024/4/1,1.7425,1.6333,2.3082,16396.83
2024/4/2,1.7275,1.6202,2.2927,16240.45
2024/4/3,1.7225,1.6122,2.2837,16277.46
2024/4/4,,,,16049.08
2024/4/5,,,,16248.52
2024/4/7,1.7225,1.6102,2.2937,
2024/4/8,1.7025,1.5892,2.2822,16253.955
2024/4/9,1.6925,1.5792,2.2802,16306.639
2024/4/10,1.7033,1.5601,2.2972,16170.36
2024/4/11,1.7033,1.5501,2.2928,16442.2
2024/4/12,1.6958,1.5502,2.2837,16175.094
2024/4/15,1.7033,1.5407,2.2798,15885.02
2024/4/16,1.7233,1.541,2.2723,15865.25
2024/4/17,1.7133,1.5461,2.2608,15683.37
2024/4/18,1.6983,1.5459,2.2537,15601.5
2024/4/19,1.6933,1.5529,2.254,15282.01
2024/4/22,1.6833,1.5723,2.2435,15451.31
2024/4/23,1.6633,1.5813,2.226,15696.64
2024/4/24,1.6696,1.6228,2.2727,15712.75
2024/4/25,1.6046,1.5803,2.2612,15611.76
2024/4/26,1.6646,1.6103,2.3084,15927.9
2024/4/28,1.6932,1.6219,2.3244,
2024/4/29,1.7831,1.6342,2.353,15983.08
2024/4/30,1.6928,1.5342,2.3028,15657.82
2024/5/1,,,,15605.48
2024/5/2,,,,15840.96
2024/5/3,,,,16156.33
2024/5/6,1.7022,1.6485,2.3081,16349.25
2024/5/7,1.7028,1.6442,2.2896,16332.56
2024/5/8,1.7071,1.632,2.2955,16302.76
2024/5/9,1.7205,1.6202,2.3186,16346.27
2024/5/10,1.7044,1.6199,2.3122,16340.87
2024/5/11,1.7092,1.6277,2.3361,
2024/5/13,1.6417,1.5816,2.29,16388.24
2024/5/14,1.6132,1.5714,2.2938,16511.18
2024/5/15,1.6134,1.5811,2.302,16742.39
2024/5/16,1.628,1.57,2.3147,16698.32
2024/5/17,1.6073,1.6003,2.3077,16685.97
2024/5/20,1.6136,1.5361,2.3105,16794.87
2024/5/21,1.6129,1.5323,2.3141,16832.62
2024/5/22,1.6052,1.5516,2.3123,16801.54
2024/5/23,1.6085,1.5608,2.3063,16736.03
2024/5/24,1.6375,1.5606,2.3134,16920.79
2024/5/27,1.6612,1.5513,2.3084,
2024/5/28,1.6552,1.5413,2.2994,17019.88
2024/5/29,1.6567,1.5632,2.2776,16920.58
2024/5/30,1.6531,1.5616,2.2826,16737.08
2024/5/31,1.6444,1.5428,2.2926,16735.02
2024/6/3,1.6457,1.5051,2.2853,16828.67
2024/6/4,1.6461,1.5435,2.2854,16857.05
2024/6/5,1.6319,1.4956,2.2808,17187.91
2024/6/6,1.6105,1.4817,2.2828,17173.12
2024/6/7,1.604,1.4818,2.2833,17133.13
2024/6/10,,,,17192.53
2024/6/11,1.599,1.4901,2.2791,17343.55
2024/6/12,1.599,1.5001,2.276,17608.44
2024/6/13,1.597,1.5514,2.2678,17667.56
2024/6/14,1.594,1.5414,2.2558,17688.88
2024/6/17,1.604,1.5376,2.2609,17857.02
2024/6/18,1.604,1.5204,2.2537,17862.23
2024/6/19,1.599,1.5227,2.2429,
2024/6/20,1.599,1.5068,2.2445,17721.59
2024/6/21,1.5915,1.5007,2.2571,17689.36
2024/6/24,1.5915,1.473,2.2451,
